patch,category,id,name,wpa,sample_size
16.1,Keystone,8010,Conqueror,0.062,110245
16.1,Keystone,8005,Press the Attack,-7.8336,123
16.1,Keystone,8008,Lethal Tempo,-7.9481,186
16.1,Keystone,8128,Dark Harvest,-6.9803,301
16.1,Spell,1,Cleanse,-0.3187,8470
16.1,Spell,3,Exhaust,0.8503,8933
16.1,Spell,4,Flash,0.0042,111183
16.1,Spell,6,Ghost,-8.9406,187
16.1,Spell,7,Heal,-2.7567,485
16.1,Spell,12,Teleport,-5.5723,113
16.1,Spell,14,Ignite,-3.2929,571
16.1,Spell,21,Barrier,0.0017,92460
16.1,Starter,1036,Long Sword,-0.2177,769
16.1,Starter,1054,Doran's Shield,-5.2304,137
16.1,Starter,1055,Doran's Blade,0.0103,109928
16.1,Starter,1083,Cull,-0.7121,140
16.1,Boots,3006,Berserker's Greaves,-2.9761,1877
16.1,Boots,3009,Boots of Swiftness,-0.7099,2902
16.1,Boots,3047,Plated Steelcaps,0.3248,59270
16.1,Boots,3111,Mercury's Treads,-0.5875,30122
16.1,Boots,3158,Ionian Boots of Lucidity,1.4896,159
16.1,1st Item,2517,Endless Hunger,-4.1123,103
16.1,1st Item,3031,Infinity Edge,-2.1475,964
16.1,1st Item,3072,Bloodthirster,-3.8453,3856
16.1,1st Item,3508,Essence Reaver,2.0036,243
16.1,1st Item,6673,Immortal Shieldbow,-0.8379,140
16.1,1st Item,6676,The Collector,0.1884,101849
16.1,1st Item,6695,Serpent's Fang,-0.6926,183
16.1,1st Item,6697,Hubris,-2.1395,547
16.1,2nd Item,2517,Endless Hunger,-4.626,332
16.1,2nd Item,3031,Infinity Edge,0.2773,86023
16.1,2nd Item,3033,Mortal Reminder,0.8016,807
16.1,2nd Item,3036,Lord Dominik's Regards,-0.032,1558
16.1,2nd Item,3072,Bloodthirster,-3.6908,2714
16.1,2nd Item,3156,Maw of Malmortius,4.1193,103
16.1,2nd Item,6673,Immortal Shieldbow,-0.2491,4203
16.1,2nd Item,6676,The Collector,-2.146,4181
16.1,2nd Item,6695,Serpent's Fang,-1.374,266
16.1,2nd Item,6697,Hubris,-10.0498,106
16.1,3rd Item,2517,Endless Hunger,-3.4113,1521
16.1,3rd Item,3026,Guardian Angel,3.3161,105
16.1,3rd Item,3031,Infinity Edge,-1.0983,8188
16.1,3rd Item,3033,Mortal Reminder,0.1812,9481
16.1,3rd Item,3036,Lord Dominik's Regards,0.3709,40985
16.1,3rd Item,3072,Bloodthirster,-1.5368,5719
16.1,3rd Item,3139,Mercurial Scimitar,-2.0701,201
16.1,3rd Item,3156,Maw of Malmortius,-0.6292,828
16.1,3rd Item,6333,Death's Dance,2.0263,117
16.1,3rd Item,6673,Immortal Shieldbow,0.6081,12933
16.1,3rd Item,6676,The Collector,-3.011,194
16.1,3rd Item,6695,Serpent's Fang,0.8412,303
16.1,4th+ Item,2504,Kaenic Rookern,-1.7746,364
16.1,4th+ Item,2517,Endless Hunger,-0.8492,2433
16.1,4th+ Item,3026,Guardian Angel,0.9195,7984
16.1,4th+ Item,3031,Infinity Edge,-1.5652,1118
16.1,4th+ Item,3033,Mortal Reminder,-0.2303,3640
16.1,4th+ Item,3036,Lord Dominik's Regards,0.6956,10401
16.1,4th+ Item,3065,Spirit Visage,-2.2878,433
16.1,4th+ Item,3072,Bloodthirster,-0.3452,18750
16.1,4th+ Item,3139,Mercurial Scimitar,-0.7265,1886
16.1,4th+ Item,3143,Randuin's Omen,2.2932,491
16.1,4th+ Item,3156,Maw of Malmortius,0.8984,2100
16.1,4th+ Item,3814,Edge of Night,-2.3368,126
16.1,4th+ Item,6333,Death's Dance,0.0278,1151
16.1,4th+ Item,6665,"Jak'Sho, The Protean",-4.9451,407
16.1,4th+ Item,6673,Immortal Shieldbow,0.135,27493
16.1,4th+ Item,6676,The Collector,-3.5628,124
16.1,4th+ Item,6695,Serpent's Fang,-3.1428,558
16.1,All Items,2504,Kaenic Rookern,-1.3856,420
16.1,All Items,2517,Endless Hunger,-2.0538,4491
16.1,All Items,2520,Bastionbreaker,-6.4107,129
16.1,All Items,3026,Guardian Angel,0.9685,8497
16.1,All Items,3031,Infinity Edge,0.1146,96294
16.1,All Items,3033,Mortal Reminder,0.0968,14004
16.1,All Items,3036,Lord Dominik's Regards,0.4108,53008
16.1,All Items,3065,Spirit Visage,-2.1051,485
16.1,All Items,3072,Bloodthirster,-1.2704,31206
16.1,All Items,3097,Stormrazor,-2.8235,261
16.1,All Items,3139,Mercurial Scimitar,-0.9066,2262
16.1,All Items,3143,Randuin's Omen,1.362,576
16.1,All Items,3156,Maw of Malmortius,0.6561,3079
16.1,All Items,3508,Essence Reaver,-0.8319,460
16.1,All Items,3814,Edge of Night,-2.0707,191
16.1,All Items,6333,Death's Dance,0.2803,1434
16.1,All Items,6665,"Jak'Sho, The Protean",-4.3083,485
16.1,All Items,6673,Immortal Shieldbow,0.2292,44850
16.1,All Items,6676,The Collector,0.0863,106356
16.1,All Items,6695,Serpent's Fang,-1.555,1334
16.1,All Items,6697,Hubris,-3.0436,746
16.1,All Items,6701,Opportunity,-5.5894,117
16.2,Keystone,8010,Conqueror,0.0716,105966
16.2,Keystone,8005,Press the Attack,-6.2044,145
16.2,Keystone,8008,Lethal Tempo,-5.8294,224
16.2,Keystone,8128,Dark Harvest,-10.0469,213
16.2,Keystone,8112,Electrocute,-9.3683,118
16.2,Spell,1,Cleanse,-0.5467,8605
16.2,Spell,3,Exhaust,0.5825,8672
16.2,Spell,4,Flash,-0.0024,106895
16.2,Spell,6,Ghost,3.0265,224
16.2,Spell,7,Heal,-0.7787,430
16.2,Spell,14,Ignite,-3.4791,482
16.2,Spell,21,Barrier,0.0213,88446
16.2,Starter,1036,Long Sword,-0.9747,716
16.2,Starter,1054,Doran's Shield,-9.4499,119
16.2,Starter,1055,Doran's Blade,0.0161,105680
16.2,Starter,1083,Cull,0.6271,140
16.2,Boots,3006,Berserker's Greaves,-3.1988,1698
16.2,Boots,3009,Boots of Swiftness,-1.6067,2673
16.2,Boots,3047,Plated Steelcaps,0.2457,57601
16.2,Boots,3111,Mercury's Treads,-0.2457,29874
16.2,Boots,3158,Ionian Boots of Lucidity,-0.9128,134
16.2,1st Item,2517,Endless Hunger,-1.4786,101
16.2,1st Item,3031,Infinity Edge,0.4419,1139
16.2,1st Item,3072,Bloodthirster,-4.4271,3405
16.2,1st Item,3508,Essence Reaver,0.2893,153
16.2,1st Item,6673,Immortal Shieldbow,-0.853,151
16.2,1st Item,6676,The Collector,0.1807,98447
16.2,1st Item,6695,Serpent's Fang,-3.5526,163
16.2,1st Item,6697,Hubris,-2.5267,436
16.2,2nd Item,2517,Endless Hunger,-7.0283,418
16.2,2nd Item,3031,Infinity Edge,0.2462,83965
16.2,2nd Item,3033,Mortal Reminder,1.294,734
16.2,2nd Item,3036,Lord Dominik's Regards,0.5527,1434
16.2,2nd Item,3072,Bloodthirster,-3.0484,2204
16.2,2nd Item,3156,Maw of Malmortius,-5.7984,108
16.2,2nd Item,6673,Immortal Shieldbow,-0.6756,3986
16.2,2nd Item,6676,The Collector,-2.3862,3672
16.2,2nd Item,6695,Serpent's Fang,-0.621,240
16.2,3rd Item,2517,Endless Hunger,-2.3995,2850
16.2,3rd Item,3026,Guardian Angel,-3.5689,105
16.2,3rd Item,3031,Infinity Edge,-1.0293,7119
16.2,3rd Item,3033,Mortal Reminder,0.1302,9017
16.2,3rd Item,3036,Lord Dominik's Regards,0.6464,39253
16.2,3rd Item,3072,Bloodthirster,-1.2682,4796
16.2,3rd Item,3139,Mercurial Scimitar,-3.9691,269
16.2,3rd Item,3156,Maw of Malmortius,-0.9888,717
16.2,3rd Item,6333,Death's Dance,-0.0992,141
16.2,3rd Item,6673,Immortal Shieldbow,-0.1777,13373
16.2,3rd Item,6676,The Collector,-5.2351,157
16.2,3rd Item,6695,Serpent's Fang,0.494,325
16.2,4th+ Item,2504,Kaenic Rookern,-2.942,411
16.2,4th+ Item,2517,Endless Hunger,-1.3954,5702
16.2,4th+ Item,3026,Guardian Angel,0.7793,6959
16.2,4th+ Item,3031,Infinity Edge,-0.1466,952
16.2,4th+ Item,3033,Mortal Reminder,-1.0014,3337
16.2,4th+ Item,3036,Lord Dominik's Regards,0.3431,10519
16.2,4th+ Item,3065,Spirit Visage,-3.1018,417
16.2,4th+ Item,3072,Bloodthirster,-0.5275,16826
16.2,4th+ Item,3139,Mercurial Scimitar,-0.948,2353
16.2,4th+ Item,3143,Randuin's Omen,-0.7323,535
16.2,4th+ Item,3156,Maw of Malmortius,-0.0685,1713
16.2,4th+ Item,6333,Death's Dance,0.0176,1080
16.2,4th+ Item,6665,"Jak'Sho, The Protean",2.5168,294
16.2,4th+ Item,6673,Immortal Shieldbow,0.7121,26344
16.2,4th+ Item,6676,The Collector,3.5971,107
16.2,4th+ Item,6695,Serpent's Fang,-4.0401,464
16.2,All Items,2504,Kaenic Rookern,-2.3346,479
16.2,All Items,2517,Endless Hunger,-1.9395,9390
16.2,All Items,3026,Guardian Angel,0.7542,7476
16.2,All Items,3031,Infinity Edge,0.1473,93179
16.2,All Items,3033,Mortal Reminder,-0.1221,13185
16.2,All Items,3036,Lord Dominik's Regards,0.5762,51284
16.2,All Items,3065,Spirit Visage,-2.5119,472
16.2,All Items,3072,Bloodthirster,-1.3508,27435
16.2,All Items,3097,Stormrazor,-0.9734,165
16.2,All Items,3139,Mercurial Scimitar,-1.3135,2823
16.2,All Items,3143,Randuin's Omen,-0.3711,618
16.2,All Items,3156,Maw of Malmortius,-0.612,2597
16.2,All Items,3508,Essence Reaver,-0.1277,336
16.2,All Items,3814,Edge of Night,-3.1973,132
16.2,All Items,6333,Death's Dance,0.1043,1352
16.2,All Items,6665,"Jak'Sho, The Protean",2.2303,359
16.2,All Items,6673,Immortal Shieldbow,0.3074,43918
16.2,All Items,6676,The Collector,0.0829,102389
16.2,All Items,6695,Serpent's Fang,-2.103,1209
16.2,All Items,6697,Hubris,-2.6331,569
16.3,Keystone,8010,Conqueror,0.0809,110324
16.3,Keystone,8005,Press the Attack,-0.8506,247
16.3,Keystone,8008,Lethal Tempo,-11.2045,233
16.3,Keystone,8128,Dark Harvest,-11.3872,226
16.3,Keystone,8112,Electrocute,-13.1242,136
16.3,Spell,1,Cleanse,-0.1921,8036
16.3,Spell,3,Exhaust,0.6923,9033
16.3,Spell,4,Flash,0.0028,111369
16.3,Spell,6,Ghost,-1.6449,230
16.3,Spell,7,Heal,-5.1852,500
16.3,Spell,14,Ignite,-2.7329,504
16.3,Spell,21,Barrier,0.0018,93060
16.3,Starter,1036,Long Sword,-0.0432,576
16.3,Starter,1054,Doran's Shield,-11.079,132
16.3,Starter,1055,Doran's Blade,0.017,110226
16.3,Starter,1083,Cull,-1.4655,200
16.3,Boots,3006,Berserker's Greaves,-2.3777,1746
16.3,Boots,3009,Boots of Swiftness,-1.1091,2767
16.3,Boots,3047,Plated Steelcaps,0.2067,61983
16.3,Boots,3111,Mercury's Treads,-0.5987,29133
16.3,Boots,3158,Ionian Boots of Lucidity,0.4163,142
16.3,1st Item,2523,Hexoptics C44,-2.3572,136
16.3,1st Item,3031,Infinity Edge,-1.1724,989
16.3,1st Item,3072,Bloodthirster,-6.6591,3495
16.3,1st Item,6673,Immortal Shieldbow,-0.2889,197
16.3,1st Item,6676,The Collector,0.2634,101925
16.3,1st Item,6695,Serpent's Fang,-6.077,231
16.3,1st Item,6697,Hubris,1.0276,429
16.3,2nd Item,2517,Endless Hunger,-5.21,485
16.3,2nd Item,3031,Infinity Edge,0.3228,86472
16.3,2nd Item,3033,Mortal Reminder,1.2758,781
16.3,2nd Item,3036,Lord Dominik's Regards,-2.0681,1728
16.3,2nd Item,3072,Bloodthirster,-4.3688,2432
16.3,2nd Item,6673,Immortal Shieldbow,0.4988,4363
16.3,2nd Item,6676,The Collector,-3.5687,3656
16.3,2nd Item,6695,Serpent's Fang,0.3951,257
16.3,3rd Item,2517,Endless Hunger,-3.1893,2275
16.3,3rd Item,3026,Guardian Angel,0.2929,122
16.3,3rd Item,3031,Infinity Edge,-1.2539,7779
16.3,3rd Item,3033,Mortal Reminder,0.5285,9328
16.3,3rd Item,3036,Lord Dominik's Regards,0.5172,41549
16.3,3rd Item,3072,Bloodthirster,-2.0075,5126
16.3,3rd Item,3139,Mercurial Scimitar,-2.1292,275
16.3,3rd Item,3156,Maw of Malmortius,-1.4886,617
16.3,3rd Item,6333,Death's Dance,-3.0217,144
16.3,3rd Item,6673,Immortal Shieldbow,0.336,12954
16.3,3rd Item,6676,The Collector,1.9908,181
16.3,3rd Item,6695,Serpent's Fang,-2.6107,356
16.3,4th+ Item,2504,Kaenic Rookern,-0.169,365
16.3,4th+ Item,2517,Endless Hunger,-0.8237,5767
16.3,4th+ Item,3026,Guardian Angel,1.2542,7454
16.3,4th+ Item,3031,Infinity Edge,-1.9608,1028
16.3,4th+ Item,3033,Mortal Reminder,-0.5706,3290
16.3,4th+ Item,3036,Lord Dominik's Regards,0.2878,10423
16.3,4th+ Item,3065,Spirit Visage,2.0408,335
16.3,4th+ Item,3072,Bloodthirster,-0.3663,17245
16.3,4th+ Item,3139,Mercurial Scimitar,-1.4437,2502
16.3,4th+ Item,3143,Randuin's Omen,-0.0861,538
16.3,4th+ Item,3156,Maw of Malmortius,-1.0988,1630
16.3,4th+ Item,6333,Death's Dance,-0.8657,1111
16.3,4th+ Item,6665,"Jak'Sho, The Protean",-5.411,327
16.3,4th+ Item,6673,Immortal Shieldbow,0.4304,28039
16.3,4th+ Item,6676,The Collector,4.2921,106
16.3,4th+ Item,6695,Serpent's Fang,1.7058,491
16.3,All Items,2504,Kaenic Rookern,-0.9246,427
16.3,All Items,2517,Endless Hunger,-1.6173,8925
16.3,All Items,2523,Hexoptics C44,-5.8183,242
16.3,All Items,3026,Guardian Angel,1.1473,8018
16.3,All Items,3031,Infinity Edge,0.1559,96270
16.3,All Items,3033,Mortal Reminder,0.2807,13473
16.3,All Items,3036,Lord Dominik's Regards,0.3845,53777
16.3,All Items,3065,Spirit Visage,1.7204,385
16.3,All Items,3072,Bloodthirster,-1.772,28494
16.3,All Items,3097,Stormrazor,0.8521,146
16.3,All Items,3139,Mercurial Scimitar,-1.3713,2994
16.3,All Items,3143,Randuin's Omen,0.0306,629
16.3,All Items,3156,Maw of Malmortius,-0.887,2400
16.3,All Items,3508,Essence Reaver,-6.5206,244
16.3,All Items,3814,Edge of Night,1.0358,157
16.3,All Items,6333,Death's Dance,-1.0426,1387
16.3,All Items,6665,"Jak'Sho, The Protean",-4.4491,380
16.3,All Items,6673,Immortal Shieldbow,0.4001,45638
16.3,All Items,6676,The Collector,0.1375,105878
16.3,All Items,6695,Serpent's Fang,-1.0058,1351
16.3,All Items,6697,Hubris,-1.5141,548
16.4,Keystone,8010,Conqueror,0.0829,148854
16.4,Keystone,8005,Press the Attack,-7.6068,204
16.4,Keystone,8008,Lethal Tempo,-10.401,297
16.4,Keystone,8128,Dark Harvest,-7.4622,244
16.4,Keystone,8112,Electrocute,-11.1327,149
16.4,Spell,1,Cleanse,-0.1305,12874
16.4,Spell,3,Exhaust,0.2371,10808
16.4,Spell,4,Flash,0.0002,149981
16.4,Spell,6,Ghost,-0.8421,324
16.4,Spell,7,Heal,-1.3806,563
16.4,Spell,14,Ignite,2.2311,729
16.4,Spell,21,Barrier,-0.0095,124687
16.4,Starter,1036,Long Sword,-2.9933,781
16.4,Starter,1054,Doran's Shield,-4.2548,160
16.4,Starter,1055,Doran's Blade,0.0346,148563
16.4,Starter,1083,Cull,-11.5499,177
16.4,Boots,3006,Berserker's Greaves,-2.8352,2222
16.4,Boots,3009,Boots of Swiftness,-1.3576,3689
16.4,Boots,3047,Plated Steelcaps,0.2037,84097
16.4,Boots,3111,Mercury's Treads,-0.5643,38207
16.4,Boots,3158,Ionian Boots of Lucidity,-1.8491,314
16.4,1st Item,2523,Hexoptics C44,-3.7518,221
16.4,1st Item,3031,Infinity Edge,0.5124,1013
16.4,1st Item,3072,Bloodthirster,-3.6441,8169
16.4,1st Item,6673,Immortal Shieldbow,3.3559,274
16.4,1st Item,6676,The Collector,0.2404,134526
16.4,1st Item,6695,Serpent's Fang,-4.8018,270
16.4,1st Item,6697,Hubris,-2.7713,379
16.4,2nd Item,2517,Endless Hunger,-5.326,582
16.4,2nd Item,3031,Infinity Edge,0.36,112724
16.4,2nd Item,3033,Mortal Reminder,-0.7122,1016
16.4,2nd Item,3036,Lord Dominik's Regards,-1.6991,2075
16.4,2nd Item,3072,Bloodthirster,-2.4887,4523
16.4,2nd Item,3156,Maw of Malmortius,-5.0676,153
16.4,2nd Item,6673,Immortal Shieldbow,-0.1171,6065
16.4,2nd Item,6676,The Collector,-2.5904,6914
16.4,2nd Item,6695,Serpent's Fang,-1.6033,363
16.4,3rd Item,2517,Endless Hunger,-3.3325,2808
16.4,3rd Item,3026,Guardian Angel,3.3292,158
16.4,3rd Item,3031,Infinity Edge,-1.2,12528
16.4,3rd Item,3033,Mortal Reminder,-0.1855,10865
16.4,3rd Item,3036,Lord Dominik's Regards,0.714,52381
16.4,3rd Item,3072,Bloodthirster,-1.2016,9717
16.4,3rd Item,3139,Mercurial Scimitar,-0.0194,457
16.4,3rd Item,3156,Maw of Malmortius,-0.3961,807
16.4,3rd Item,6333,Death's Dance,-0.26,159
16.4,3rd Item,6673,Immortal Shieldbow,0.1691,17051
16.4,3rd Item,6676,The Collector,-0.6734,299
16.4,3rd Item,6695,Serpent's Fang,-1.4738,475
16.4,4th+ Item,2504,Kaenic Rookern,-3.2369,421
16.4,4th+ Item,2517,Endless Hunger,-1.7952,7659
16.4,4th+ Item,2523,Hexoptics C44,4.0547,132
16.4,4th+ Item,3026,Guardian Angel,0.9808,9910
16.4,4th+ Item,3031,Infinity Edge,-0.5321,1593
16.4,4th+ Item,3033,Mortal Reminder,-0.6943,4630
16.4,4th+ Item,3036,Lord Dominik's Regards,0.7559,15546
16.4,4th+ Item,3065,Spirit Visage,-0.2435,549
16.4,4th+ Item,3072,Bloodthirster,-0.2893,23347
16.4,4th+ Item,3139,Mercurial Scimitar,-0.9376,3405
16.4,4th+ Item,3143,Randuin's Omen,-0.9263,660
16.4,4th+ Item,3156,Maw of Malmortius,-0.5014,2056
16.4,4th+ Item,3814,Edge of Night,2.8928,127
16.4,4th+ Item,6333,Death's Dance,0.7224,1317
16.4,4th+ Item,6665,"Jak'Sho, The Protean",-2.8566,292
16.4,4th+ Item,6673,Immortal Shieldbow,0.3335,35392
16.4,4th+ Item,6676,The Collector,-2.5151,154
16.4,4th+ Item,6695,Serpent's Fang,-0.4289,605
16.4,All Items,2504,Kaenic Rookern,-2.809,482
16.4,All Items,2517,Endless Hunger,-2.2361,11597
16.4,All Items,2523,Hexoptics C44,-1.1836,456
16.4,All Items,3026,Guardian Angel,0.9615,10669
16.4,All Items,3031,Infinity Edge,0.1969,127863
16.4,All Items,3033,Mortal Reminder,-0.3716,16618
16.4,All Items,3036,Lord Dominik's Regards,0.6516,70115
16.4,All Items,3065,Spirit Visage,-0.0257,607
16.4,All Items,3072,Bloodthirster,-1.2965,45965
16.4,All Items,3097,Stormrazor,0.3932,140
16.4,All Items,3139,Mercurial Scimitar,-0.7947,4150
16.4,All Items,3143,Randuin's Omen,-0.9791,769
16.4,All Items,3156,Maw of Malmortius,-0.808,3078
16.4,All Items,3508,Essence Reaver,-2.768,299
16.4,All Items,3814,Edge of Night,3.3543,190
16.4,All Items,6333,Death's Dance,0.2728,1639
16.4,All Items,6665,"Jak'Sho, The Protean",-2.7786,360
16.4,All Items,6673,Immortal Shieldbow,0.2497,58895
16.4,All Items,6676,The Collector,0.0975,141902
16.4,All Items,6695,Serpent's Fang,-1.5411,1733
16.4,All Items,6697,Hubris,-2.7909,529
16.5,Keystone,8010,Conqueror,0.0691,161410
16.5,Keystone,8005,Press the Attack,-5.673,281
16.5,Keystone,8008,Lethal Tempo,-6.4179,363
16.5,Keystone,8128,Dark Harvest,-7.2127,380
16.5,Keystone,8112,Electrocute,-7.9622,161
16.5,Spell,1,Cleanse,-0.5834,11153
16.5,Spell,3,Exhaust,0.82,11703
16.5,Spell,4,Flash,-0.0014,162973
16.5,Spell,6,Ghost,-0.6351,314
16.5,Spell,7,Heal,-3.7951,646
16.5,Spell,14,Ignite,-4.0236,702
16.5,Spell,21,Barrier,0.024,138420
16.5,Starter,1036,Long Sword,-0.4341,1008
16.5,Starter,1054,Doran's Shield,-5.2366,194
16.5,Starter,1055,Doran's Blade,0.0171,161157
16.5,Starter,1083,Cull,-4.3694,273
16.5,Boots,3006,Berserker's Greaves,-2.4802,2311
16.5,Boots,3009,Boots of Swiftness,-0.0994,4407
16.5,Boots,3047,Plated Steelcaps,0.1593,92782
16.5,Boots,3111,Mercury's Treads,-0.6718,40893
16.5,Boots,3158,Ionian Boots of Lucidity,4.0931,239
16.5,1st Item,2523,Hexoptics C44,-11.153,128
16.5,1st Item,3031,Infinity Edge,1.5984,1296
16.5,1st Item,3072,Bloodthirster,-2.9788,5961
16.5,1st Item,6673,Immortal Shieldbow,1.4564,311
16.5,1st Item,6676,The Collector,0.1683,145763
16.5,1st Item,6695,Serpent's Fang,-2.3996,360
16.5,1st Item,6697,Hubris,-2.2996,3111
16.5,2nd Item,2517,Endless Hunger,-5.7453,149
16.5,2nd Item,3031,Infinity Edge,0.2866,122494
16.5,2nd Item,3033,Mortal Reminder,0.3472,1135
16.5,2nd Item,3036,Lord Dominik's Regards,-0.7888,2292
16.5,2nd Item,3072,Bloodthirster,-2.3259,4383
16.5,2nd Item,3156,Maw of Malmortius,0.7679,206
16.5,2nd Item,6673,Immortal Shieldbow,-0.5674,6527
16.5,2nd Item,6676,The Collector,-1.7733,8023
16.5,2nd Item,6695,Serpent's Fang,-3.5914,439
16.5,2nd Item,6697,Hubris,-2.8984,353
16.5,3rd Item,2517,Endless Hunger,-4.2869,1092
16.5,3rd Item,3026,Guardian Angel,-0.8614,186
16.5,3rd Item,3031,Infinity Edge,-1.1649,13754
16.5,3rd Item,3033,Mortal Reminder,0.2813,12679
16.5,3rd Item,3036,Lord Dominik's Regards,0.5187,60447
16.5,3rd Item,3072,Bloodthirster,-1.0724,9570
16.5,3rd Item,3139,Mercurial Scimitar,-1.8585,445
16.5,3rd Item,3156,Maw of Malmortius,-0.7322,971
16.5,3rd Item,6333,Death's Dance,-3.5793,186
16.5,3rd Item,6673,Immortal Shieldbow,0.068,17601
16.5,3rd Item,6676,The Collector,-3.9255,276
16.5,3rd Item,6695,Serpent's Fang,-0.2748,571
16.5,4th+ Item,2504,Kaenic Rookern,-0.613,500
16.5,4th+ Item,2517,Endless Hunger,-1.9516,3798
16.5,4th+ Item,2523,Hexoptics C44,0.3767,154
16.5,4th+ Item,3026,Guardian Angel,1.2127,12695
16.5,4th+ Item,3031,Infinity Edge,-1.7133,1793
16.5,4th+ Item,3033,Mortal Reminder,-0.4447,5132
16.5,4th+ Item,3036,Lord Dominik's Regards,0.7325,15980
16.5,4th+ Item,3065,Spirit Visage,-3.3504,557
16.5,4th+ Item,3072,Bloodthirster,-0.6847,28325
16.5,4th+ Item,3139,Mercurial Scimitar,0.1249,2938
16.5,4th+ Item,3143,Randuin's Omen,0.8909,755
16.5,4th+ Item,3156,Maw of Malmortius,-1.172,2431
16.5,4th+ Item,3508,Essence Reaver,2.0433,105
16.5,4th+ Item,3814,Edge of Night,3.0316,179
16.5,4th+ Item,6333,Death's Dance,-0.7286,1693
16.5,4th+ Item,6665,"Jak'Sho, The Protean",-0.7533,425
16.5,4th+ Item,6673,Immortal Shieldbow,0.2902,41041
16.5,4th+ Item,6676,The Collector,1.4244,159
16.5,4th+ Item,6695,Serpent's Fang,0.1708,851
16.5,All Items,2504,Kaenic Rookern,-0.6955,581
16.5,All Items,2517,Endless Hunger,-2.6808,5321
16.5,All Items,2523,Hexoptics C44,-3.9456,385
16.5,All Items,3026,Guardian Angel,1.1849,13517
16.5,All Items,3031,Infinity Edge,0.1308,139350
16.5,All Items,3033,Mortal Reminder,0.1004,19074
16.5,All Items,3036,Lord Dominik's Regards,0.5244,78821
16.5,All Items,3065,Spirit Visage,-2.6221,638
16.5,All Items,3072,Bloodthirster,-1.1819,48424
16.5,All Items,3097,Stormrazor,-1.7332,186
16.5,All Items,3139,Mercurial Scimitar,-0.1479,3698
16.5,All Items,3143,Randuin's Omen,0.2357,911
16.5,All Items,3156,Maw of Malmortius,-0.8312,3703
16.5,All Items,3508,Essence Reaver,-1.3373,294
16.5,All Items,3814,Edge of Night,1.9851,253
16.5,All Items,6333,Death's Dance,-0.8679,2166
16.5,All Items,6665,"Jak'Sho, The Protean",-1.4284,542
16.5,All Items,6673,Immortal Shieldbow,0.1511,65605
16.5,All Items,6676,The Collector,0.0611,154232
16.5,All Items,6695,Serpent's Fang,-1.2515,2261
16.5,All Items,6697,Hubris,-2.3817,3631
16.6,Keystone,8010,Conqueror,0.0649,152660
16.6,Keystone,8005,Press the Attack,-6.673,226
16.6,Keystone,8008,Lethal Tempo,-6.9281,311
16.6,Keystone,8128,Dark Harvest,-5.4384,394
16.6,Keystone,8112,Electrocute,-1.4324,166
16.6,Spell,1,Cleanse,-1.3712,10054
16.6,Spell,3,Exhaust,0.345,9768
16.6,Spell,4,Flash,0.0013,154083
16.6,Spell,6,Ghost,-1.0851,391
16.6,Spell,7,Heal,-1.5649,679
16.6,Spell,14,Ignite,-3.5008,858
16.6,Spell,21,Barrier,0.1167,132321
16.6,Starter,1036,Long Sword,-0.2932,979
16.6,Starter,1054,Doran's Shield,-6.7431,169
16.6,Starter,1055,Doran's Blade,0.0177,152273
16.6,Starter,1083,Cull,-4.2172,286
16.6,Boots,3006,Berserker's Greaves,-2.6437,2391
16.6,Boots,3009,Boots of Swiftness,0.0387,3973
16.6,Boots,3047,Plated Steelcaps,0.1122,88422
16.6,Boots,3111,Mercury's Treads,-0.4212,37503
16.6,Boots,3158,Ionian Boots of Lucidity,2.6,172
16.6,1st Item,2523,Hexoptics C44,-3.0429,151
16.6,1st Item,3031,Infinity Edge,0.1032,1914
16.6,1st Item,3072,Bloodthirster,-3.4813,5112
16.6,1st Item,6673,Immortal Shieldbow,-0.5002,276
16.6,1st Item,6676,The Collector,0.1755,137004
16.6,1st Item,6695,Serpent's Fang,-1.607,354
16.6,1st Item,6697,Hubris,-1.0982,3465
16.6,2nd Item,2517,Endless Hunger,-1.413,207
16.6,2nd Item,3031,Infinity Edge,0.2669,114358
16.6,2nd Item,3033,Mortal Reminder,1.7441,1072
16.6,2nd Item,3036,Lord Dominik's Regards,-0.138,2291
16.6,2nd Item,3072,Bloodthirster,-2.9389,3877
16.6,2nd Item,3156,Maw of Malmortius,1.1662,152
16.6,2nd Item,6673,Immortal Shieldbow,-0.2219,6943
16.6,2nd Item,6676,The Collector,-1.7704,8101
16.6,2nd Item,6695,Serpent's Fang,-3.507,477
16.6,2nd Item,6697,Hubris,-4.9043,405
16.6,3rd Item,2517,Endless Hunger,-3.3261,1183
16.6,3rd Item,3026,Guardian Angel,-2.5902,201
16.6,3rd Item,3031,Infinity Edge,-0.9975,12971
16.6,3rd Item,3033,Mortal Reminder,0.4113,11182
16.6,3rd Item,3036,Lord Dominik's Regards,0.5961,58218
16.6,3rd Item,3072,Bloodthirster,-1.6799,7891
16.6,3rd Item,3139,Mercurial Scimitar,-5.4292,442
16.6,3rd Item,3156,Maw of Malmortius,-1.97,820
16.6,3rd Item,6333,Death's Dance,-1.8787,150
16.6,3rd Item,6673,Immortal Shieldbow,-0.076,16748
16.6,3rd Item,6676,The Collector,-0.9831,286
16.6,3rd Item,6695,Serpent's Fang,-3.0544,500
16.6,4th+ Item,2504,Kaenic Rookern,1.091,411
16.6,4th+ Item,2517,Endless Hunger,-1.6509,5917
16.6,4th+ Item,2523,Hexoptics C44,1.4538,123
16.6,4th+ Item,3026,Guardian Angel,1.1388,10922
16.6,4th+ Item,3031,Infinity Edge,0.1962,1881
16.6,4th+ Item,3033,Mortal Reminder,-0.549,4267
16.6,4th+ Item,3036,Lord Dominik's Regards,0.0348,14756
16.6,4th+ Item,3065,Spirit Visage,-0.4958,445
16.6,4th+ Item,3072,Bloodthirster,-0.5468,24274
16.6,4th+ Item,3139,Mercurial Scimitar,-1.3934,3627
16.6,4th+ Item,3143,Randuin's Omen,-0.5442,713
16.6,4th+ Item,3156,Maw of Malmortius,0.0437,1964
16.6,4th+ Item,3814,Edge of Night,-4.6648,122
16.6,4th+ Item,6333,Death's Dance,-0.028,1386
16.6,4th+ Item,6665,"Jak'Sho, The Protean",-4.5616,436
16.6,4th+ Item,6673,Immortal Shieldbow,0.5228,38777
16.6,4th+ Item,6676,The Collector,4.5283,187
16.6,4th+ Item,6695,Serpent's Fang,-1.6002,741
16.6,All Items,2504,Kaenic Rookern,1.2612,481
16.6,All Items,2517,Endless Hunger,-1.7371,7857
16.6,All Items,2523,Hexoptics C44,-1.167,351
16.6,All Items,3026,Guardian Angel,1.1165,11788
16.6,All Items,3031,Infinity Edge,0.1383,131130
16.6,All Items,3033,Mortal Reminder,0.2272,16617
16.6,All Items,3036,Lord Dominik's Regards,0.4565,75358
16.6,All Items,3065,Spirit Visage,-0.7471,504
16.6,All Items,3072,Bloodthirster,-1.3615,41408
16.6,All Items,3097,Stormrazor,3.4947,118
16.6,All Items,3139,Mercurial Scimitar,-1.5768,4402
16.6,All Items,3143,Randuin's Omen,-0.382,827
16.6,All Items,3156,Maw of Malmortius,-0.6205,3009
16.6,All Items,3508,Essence Reaver,-0.673,269
16.6,All Items,3814,Edge of Night,-3.0705,182
16.6,All Items,6333,Death's Dance,-0.3417,1696
16.6,All Items,6665,"Jak'Sho, The Protean",-4.8124,511
16.6,All Items,6673,Immortal Shieldbow,0.2713,62854
16.6,All Items,6676,The Collector,0.0697,145583
16.6,All Items,6695,Serpent's Fang,-2.3861,2093
16.6,All Items,6697,Hubris,-1.4459,4017
16.7,Keystone,8369,First Strike,3.3449,129
16.7,Keystone,8010,Conqueror,0.0611,158643
16.7,Keystone,8021,Fleet Footwork,-1.1487,104
16.7,Keystone,8005,Press the Attack,-7.5901,165
16.7,Keystone,8008,Lethal Tempo,-6.4321,305
16.7,Keystone,8128,Dark Harvest,-8.2985,323
16.7,Keystone,8112,Electrocute,-8.5073,189
16.7,Spell,1,Cleanse,-0.8921,10383
16.7,Spell,3,Exhaust,0.0516,11026
16.7,Spell,4,Flash,0.0019,160029
16.7,Spell,6,Ghost,-0.5657,398
16.7,Spell,7,Heal,-2.1567,709
16.7,Spell,12,Teleport,-6.5347,117
16.7,Spell,14,Ignite,-2.287,892
16.7,Spell,21,Barrier,0.0948,136572
16.7,Starter,1036,Long Sword,-2.8096,1047
16.7,Starter,1054,Doran's Shield,-2.9934,173
16.7,Starter,1055,Doran's Blade,0.0217,158207
16.7,Starter,1083,Cull,0.6717,235
16.7,Boots,3006,Berserker's Greaves,-1.7941,2394
16.7,Boots,3009,Boots of Swiftness,-0.7894,4434
16.7,Boots,3047,Plated Steelcaps,0.1607,90571
16.7,Boots,3111,Mercury's Treads,-0.4864,40160
16.7,Boots,3158,Ionian Boots of Lucidity,-0.8964,217
16.7,1st Item,3031,Infinity Edge,-0.0089,1881
16.7,1st Item,3072,Bloodthirster,-3.8965,4947
16.7,1st Item,6673,Immortal Shieldbow,-6.9539,293
16.7,1st Item,6676,The Collector,0.1919,140922
16.7,1st Item,6695,Serpent's Fang,-3.8877,394
16.7,1st Item,6697,Hubris,-1.1056,5525
16.7,2nd Item,2517,Endless Hunger,-1.7897,244
16.7,2nd Item,3031,Infinity Edge,0.3202,117410
16.7,2nd Item,3033,Mortal Reminder,0.8119,1195
16.7,2nd Item,3036,Lord Dominik's Regards,-1.0154,2388
16.7,2nd Item,3072,Bloodthirster,-2.5869,3830
16.7,2nd Item,3156,Maw of Malmortius,-4.6706,151
16.7,2nd Item,6673,Immortal Shieldbow,-0.2493,7148
16.7,2nd Item,6676,The Collector,-1.9929,10089
16.7,2nd Item,6695,Serpent's Fang,-3.4479,460
16.7,2nd Item,6697,Hubris,-1.6813,488
16.7,3rd Item,2517,Endless Hunger,-3.9619,1183
16.7,3rd Item,3026,Guardian Angel,2.2338,214
16.7,3rd Item,3031,Infinity Edge,-1.0715,14716
16.7,3rd Item,3033,Mortal Reminder,-0.3432,12386
16.7,3rd Item,3036,Lord Dominik's Regards,0.4699,60571
16.7,3rd Item,3072,Bloodthirster,-1.4417,7535
16.7,3rd Item,3139,Mercurial Scimitar,-4.3393,453
16.7,3rd Item,3156,Maw of Malmortius,-1.5234,811
16.7,3rd Item,6333,Death's Dance,-1.2257,168
16.7,3rd Item,6673,Immortal Shieldbow,0.6984,16527
16.7,3rd Item,6676,The Collector,-3.0704,295
16.7,3rd Item,6695,Serpent's Fang,-0.245,555
16.7,3rd Item,6697,Hubris,-3.2779,101
16.7,4th+ Item,2504,Kaenic Rookern,-0.3767,468
16.7,4th+ Item,2517,Endless Hunger,-2.537,6096
16.7,4th+ Item,2523,Hexoptics C44,0.1498,121
16.7,4th+ Item,3026,Guardian Angel,1.5226,11533
16.7,4th+ Item,3031,Infinity Edge,-0.9934,2046
16.7,4th+ Item,3033,Mortal Reminder,-0.1598,4559
16.7,4th+ Item,3036,Lord Dominik's Regards,0.8987,15554
16.7,4th+ Item,3065,Spirit Visage,-2.2138,496
16.7,4th+ Item,3072,Bloodthirster,-0.2417,25116
16.7,4th+ Item,3139,Mercurial Scimitar,-0.6682,4086
16.7,4th+ Item,3143,Randuin's Omen,0.7364,745
16.7,4th+ Item,3156,Maw of Malmortius,-2.0166,1888
16.7,4th+ Item,3814,Edge of Night,3.8981,113
16.7,4th+ Item,6333,Death's Dance,-1.6946,1533
16.7,4th+ Item,6665,"Jak'Sho, The Protean",-3.0355,413
16.7,4th+ Item,6673,Immortal Shieldbow,0.1919,41435
16.7,4th+ Item,6676,The Collector,-1.2766,158
16.7,4th+ Item,6695,Serpent's Fang,-1.9575,739
16.7,All Items,2504,Kaenic Rookern,0.2595,555
16.7,All Items,2517,Endless Hunger,-2.5392,8087
16.7,All Items,2523,Hexoptics C44,2.0297,273
16.7,All Items,3026,Guardian Angel,1.5098,12353
16.7,All Items,3031,Infinity Edge,0.1447,136061
16.7,All Items,3033,Mortal Reminder,-0.2294,18246
16.7,All Items,3036,Lord Dominik's Regards,0.51,78609
16.7,All Items,3065,Spirit Visage,-2.1161,563
16.7,All Items,3072,Bloodthirster,-1.1229,41705
16.7,All Items,3097,Stormrazor,2.8641,133
16.7,All Items,3139,Mercurial Scimitar,-0.9362,4897
16.7,All Items,3143,Randuin's Omen,0.9569,893
16.7,All Items,3156,Maw of Malmortius,-1.997,2922
16.7,All Items,3508,Essence Reaver,6.5315,235
16.7,All Items,3814,Edge of Night,1.0721,172
16.7,All Items,4401,Force of Nature,-9.7348,104
16.7,All Items,6333,Death's Dance,-1.7521,1881
16.7,All Items,6609,Chempunk Chainsword,-10.8549,102
16.7,All Items,6665,"Jak'Sho, The Protean",-2.5069,494
16.7,All Items,6673,Immortal Shieldbow,0.2391,65529
16.7,All Items,6676,The Collector,0.039,151480
16.7,All Items,6695,Serpent's Fang,-2.1829,2166
16.7,All Items,6697,Hubris,-1.1177,6192
16.8,Keystone,8010,Conqueror,0.0567,111192
16.8,Keystone,8005,Press the Attack,-1.2486,150
16.8,Keystone,8008,Lethal Tempo,-9.9852,219
16.8,Keystone,8128,Dark Harvest,-1.6398,193
16.8,Keystone,8112,Electrocute,-10.2775,130
16.8,Spell,1,Cleanse,-0.9228,7410
16.8,Spell,3,Exhaust,0.7461,7973
16.8,Spell,4,Flash,0.0006,112079
16.8,Spell,6,Ghost,-1.2286,205
16.8,Spell,7,Heal,-3.5481,475
16.8,Spell,14,Ignite,-3.0204,574
16.8,Spell,21,Barrier,0.0436,95467
16.8,Starter,1036,Long Sword,-1.8775,664
16.8,Starter,1054,Doran's Shield,-5.1632,114
16.8,Starter,1055,Doran's Blade,0.0256,111048
16.8,Starter,1083,Cull,-4.4413,196
16.8,Boots,3006,Berserker's Greaves,-1.6325,1707
16.8,Boots,3009,Boots of Swiftness,-0.5812,3039
16.8,Boots,3047,Plated Steelcaps,0.3456,66575
16.8,Boots,3111,Mercury's Treads,-0.7613,28296
16.8,1st Item,3031,Infinity Edge,0.262,1565
16.8,1st Item,3072,Bloodthirster,-3.607,3297
16.8,1st Item,6673,Immortal Shieldbow,6.1667,239
16.8,1st Item,6676,The Collector,0.1699,101535
16.8,1st Item,6695,Serpent's Fang,-5.501,294
16.8,1st Item,6697,Hubris,-1.4331,4513
16.8,2nd Item,2517,Endless Hunger,-4.4319,205
16.8,2nd Item,3031,Infinity Edge,0.1714,84021
16.8,2nd Item,3033,Mortal Reminder,1.0457,950
16.8,2nd Item,3036,Lord Dominik's Regards,0.1731,1678
16.8,2nd Item,3072,Bloodthirster,-0.8246,2780
16.8,2nd Item,6673,Immortal Shieldbow,-0.3253,5689
16.8,2nd Item,6676,The Collector,-1.0974,7667
16.8,2nd Item,6695,Serpent's Fang,-1.9761,356
16.8,2nd Item,6697,Hubris,-1.7045,473
16.8,3rd Item,2517,Endless Hunger,-1.6331,874
16.8,3rd Item,3026,Guardian Angel,0.3602,173
16.8,3rd Item,3031,Infinity Edge,-0.567,11419
16.8,3rd Item,3033,Mortal Reminder,0.3589,8736
16.8,3rd Item,3036,Lord Dominik's Regards,0.3032,43211
16.8,3rd Item,3072,Bloodthirster,-2.214,5201
16.8,3rd Item,3139,Mercurial Scimitar,-4.1624,429
16.8,3rd Item,3156,Maw of Malmortius,-0.7977,490
16.8,3rd Item,6333,Death's Dance,3.3552,106
16.8,3rd Item,6673,Immortal Shieldbow,0.5651,12265
16.8,3rd Item,6676,The Collector,-1.206,246
16.8,3rd Item,6695,Serpent's Fang,-3.0766,403
16.8,3rd Item,6697,Hubris,-0.3514,123
16.8,4th+ Item,2504,Kaenic Rookern,2.2967,402
16.8,4th+ Item,2517,Endless Hunger,-1.3899,3985
16.8,4th+ Item,3026,Guardian Angel,0.5535,8639
16.8,4th+ Item,3031,Infinity Edge,-0.7309,1459
16.8,4th+ Item,3033,Mortal Reminder,0.7067,3395
16.8,4th+ Item,3036,Lord Dominik's Regards,0.2273,11679
16.8,4th+ Item,3065,Spirit Visage,-1.109,327
16.8,4th+ Item,3072,Bloodthirster,-0.3593,17913
16.8,4th+ Item,3139,Mercurial Scimitar,0.2751,3113
16.8,4th+ Item,3143,Randuin's Omen,2.2748,572
16.8,4th+ Item,3156,Maw of Malmortius,-0.2697,1208
16.8,4th+ Item,6333,Death's Dance,-1.901,1191
16.8,4th+ Item,6665,"Jak'Sho, The Protean",0.7532,261
16.8,4th+ Item,6673,Immortal Shieldbow,0.2392,29764
16.8,4th+ Item,6676,The Collector,-2.2804,128
16.8,4th+ Item,6695,Serpent's Fang,-1.6654,508
16.8,4th+ Item,6697,Hubris,-3.7799,270
16.8,All Items,2504,Kaenic Rookern,0.9997,469
16.8,All Items,2517,Endless Hunger,-1.4817,5446
16.8,All Items,2523,Hexoptics C44,1.1445,226
16.8,All Items,3026,Guardian Angel,0.5694,9319
16.8,All Items,3031,Infinity Edge,0.0738,98469
16.8,All Items,3033,Mortal Reminder,0.4737,13157
16.8,All Items,3036,Lord Dominik's Regards,0.2855,56648
16.8,All Items,3065,Spirit Visage,0.0231,373
16.8,All Items,3072,Bloodthirster,-1.0819,29393
16.8,All Items,3139,Mercurial Scimitar,-0.3999,3827
16.8,All Items,3143,Randuin's Omen,1.7612,699
16.8,All Items,3156,Maw of Malmortius,-0.4718,1819
16.8,All Items,3508,Essence Reaver,0.3046,187
16.8,All Items,3814,Edge of Night,1.7896,127
16.8,All Items,6333,Death's Dance,-1.3066,1445
16.8,All Items,6665,"Jak'Sho, The Protean",-0.127,319
16.8,All Items,6673,Immortal Shieldbow,0.2832,48048
16.8,All Items,6676,The Collector,0.0758,109588
16.8,All Items,6695,Serpent's Fang,-2.753,1583
16.8,All Items,6697,Hubris,-1.5558,5401
16.9,Keystone,8010,Conqueror,0.0692,134457
16.9,Keystone,9923,Hail of Blades,3.5437,113
16.9,Keystone,8005,Press the Attack,-12.7984,130
16.9,Keystone,8008,Lethal Tempo,-7.3506,252
16.9,Keystone,8992,Deathfire Touch,-17.543,129
16.9,Keystone,8128,Dark Harvest,-2.9608,260
16.9,Keystone,8112,Electrocute,-5.2754,174
16.9,Spell,1,Cleanse,-0.7544,8333
16.9,Spell,3,Exhaust,0.6937,9402
16.9,Spell,4,Flash,0.0014,135746
16.9,Spell,6,Ghost,2.6829,231
16.9,Spell,7,Heal,-3.4816,524
16.9,Spell,14,Ignite,-2.9143,659
16.9,Spell,21,Barrier,0.0233,116559
16.9,Starter,1036,Long Sword,-0.9552,708
16.9,Starter,1054,Doran's Shield,-7.2805,140
16.9,Starter,1055,Doran's Blade,0.0713,133284
16.9,Starter,1083,Cull,-5.8991,194
16.9,Starter,1086,Doran's Bow,-4.8388,1296
16.9,Boots,3006,Berserker's Greaves,-0.3101,930
16.9,Boots,3008,Gluttonous Greaves,0.7026,55977
16.9,Boots,3009,Boots of Swiftness,-0.7989,1066
16.9,Boots,3047,Plated Steelcaps,-0.3033,47843
16.9,Boots,3111,Mercury's Treads,-1.2674,20632
16.9,1st Item,3031,Infinity Edge,-1.0134,1628
16.9,1st Item,3072,Bloodthirster,-3.7582,1580
16.9,1st Item,6673,Immortal Shieldbow,0.1823,257
16.9,1st Item,6676,The Collector,0.4206,117930
16.9,1st Item,6695,Serpent's Fang,-1.6421,312
16.9,1st Item,6697,Hubris,-3.1949,13214
16.9,1st Item,6699,Voltaic Cyclosword,-2.4677,119
16.9,2nd Item,2517,Endless Hunger,-5.2496,327
16.9,2nd Item,3031,Infinity Edge,0.4021,98568
16.9,2nd Item,3033,Mortal Reminder,-0.7381,967
16.9,2nd Item,3036,Lord Dominik's Regards,-1.6581,1760
16.9,2nd Item,3072,Bloodthirster,-3.5828,2219
16.9,2nd Item,6673,Immortal Shieldbow,-0.1864,6687
16.9,2nd Item,6676,The Collector,-1.5612,14068
16.9,2nd Item,6695,Serpent's Fang,-2.7706,346
16.9,2nd Item,6697,Hubris,-1.6916,826
16.9,3rd Item,2517,Endless Hunger,-2.1162,1240
16.9,3rd Item,3026,Guardian Angel,-4.0854,189
16.9,3rd Item,3031,Infinity Edge,-0.9571,15993
16.9,3rd Item,3033,Mortal Reminder,0.0288,10765
16.9,3rd Item,3036,Lord Dominik's Regards,0.6702,49134
16.9,3rd Item,3072,Bloodthirster,-2.1177,5291
16.9,3rd Item,3139,Mercurial Scimitar,-2.0705,470
16.9,3rd Item,3156,Maw of Malmortius,2.6058,644
16.9,3rd Item,6333,Death's Dance,0.5495,155
16.9,3rd Item,6673,Immortal Shieldbow,0.0306,16126
16.9,3rd Item,6676,The Collector,-0.7289,344
16.9,3rd Item,6695,Serpent's Fang,-1.252,378
16.9,3rd Item,6697,Hubris,-10.5262,181
16.9,4th+ Item,2504,Kaenic Rookern,-0.159,422
16.9,4th+ Item,2517,Endless Hunger,-2.2916,5403
16.9,4th+ Item,3026,Guardian Angel,1.0766,10213
16.9,4th+ Item,3031,Infinity Edge,-2.8431,1989
16.9,4th+ Item,3033,Mortal Reminder,-0.0971,4327
16.9,4th+ Item,3036,Lord Dominik's Regards,0.7933,14871
16.9,4th+ Item,3065,Spirit Visage,0.2049,486
16.9,4th+ Item,3072,Bloodthirster,-0.5587,19960
16.9,4th+ Item,3139,Mercurial Scimitar,0.389,3708
16.9,4th+ Item,3143,Randuin's Omen,-2.8723,708
16.9,4th+ Item,3156,Maw of Malmortius,-1.1193,1413
16.9,4th+ Item,3814,Edge of Night,0.4587,127
16.9,4th+ Item,6333,Death's Dance,-1.1959,1447
16.9,4th+ Item,6665,"Jak'Sho, The Protean",-0.3028,352
16.9,4th+ Item,6673,Immortal Shieldbow,0.4137,34709
16.9,4th+ Item,6676,The Collector,-2.9787,131
16.9,4th+ Item,6695,Serpent's Fang,-1.4799,564
16.9,4th+ Item,6697,Hubris,-3.0048,260
16.9,All Items,2504,Kaenic Rookern,-0.8716,497
16.9,All Items,2517,Endless Hunger,-2.2038,7415
16.9,All Items,2523,Hexoptics C44,0.5795,186
16.9,All Items,3026,Guardian Angel,1.0495,11013
16.9,All Items,3031,Infinity Edge,0.1442,118188
16.9,All Items,3033,Mortal Reminder,-0.0315,16134
16.9,All Items,3036,Lord Dominik's Regards,0.6316,65864
16.9,All Items,3065,Spirit Visage,0.1729,562
16.9,All Items,3072,Bloodthirster,-1.2425,29324
16.9,All Items,3097,Stormrazor,-1.5,105
16.9,All Items,3139,Mercurial Scimitar,0.0084,4512
16.9,All Items,3143,Randuin's Omen,-2.7779,836
16.9,All Items,3156,Maw of Malmortius,0.1589,2196
16.9,All Items,3508,Essence Reaver,-0.5125,157
16.9,All Items,3814,Edge of Night,1.0597,179
16.9,All Items,6333,Death's Dance,-1.1728,1798
16.9,All Items,6665,"Jak'Sho, The Protean",-2.1765,443
16.9,All Items,6673,Immortal Shieldbow,0.234,57896
16.9,All Items,6676,The Collector,0.2035,132481
16.9,All Items,6695,Serpent's Fang,-1.6153,1611
16.9,All Items,6697,Hubris,-3.1768,14509
16.9,All Items,6699,Voltaic Cyclosword,-2.3462,296
16.10,Keystone,8010,Conqueror,0.0669,143848
16.10,Keystone,8005,Press the Attack,-6.512,138
16.10,Keystone,8008,Lethal Tempo,-9.9388,286
16.10,Keystone,8992,Deathfire Touch,-10.4649,128
16.10,Keystone,8128,Dark Harvest,-4.1538,233
16.10,Keystone,8112,Electrocute,-5.1399,222
16.10,Spell,1,Cleanse,-0.7526,8593
16.10,Spell,3,Exhaust,0.5922,10741
16.10,Spell,4,Flash,0.0024,145107
16.10,Spell,6,Ghost,0.4939,312
16.10,Spell,7,Heal,-2.9011,631
16.10,Spell,14,Ignite,-3.2168,739
16.10,Spell,21,Barrier,0.0336,124066
16.10,Starter,1036,Long Sword,-2.2268,671
16.10,Starter,1054,Doran's Shield,-11.2683,160
16.10,Starter,1055,Doran's Blade,0.0072,141958
16.10,Starter,1083,Cull,7.4067,166
16.10,Starter,1086,Doran's Bow,-0.2046,1781
16.10,Starter,1120,Doran's Helm,5.0851,274
16.10,Boots,3006,Berserker's Greaves,-4.0757,1360
16.10,Boots,3008,Gluttonous Greaves,-0.0287,63467
16.10,Boots,3009,Boots of Swiftness,-1.1938,1132
16.10,Boots,3047,Plated Steelcaps,-0.0869,48635
16.10,Boots,3111,Mercury's Treads,-0.399,19696
16.10,1st Item,3031,Infinity Edge,0.5504,1945
16.10,1st Item,3072,Bloodthirster,-3.1515,1746
16.10,1st Item,6673,Immortal Shieldbow,-1.8834,354
16.10,1st Item,6676,The Collector,0.4121,126135
16.10,1st Item,6695,Serpent's Fang,-2.3602,322
16.10,1st Item,6697,Hubris,-3.3104,13876
16.10,2nd Item,2517,Endless Hunger,-5.6531,242
16.10,2nd Item,3031,Infinity Edge,0.423,105801
16.10,2nd Item,3033,Mortal Reminder,0.7776,972
16.10,2nd Item,3036,Lord Dominik's Regards,0.0736,2037
16.10,2nd Item,3072,Bloodthirster,-2.9637,2314
16.10,2nd Item,3156,Maw of Malmortius,-5.8512,130
16.10,2nd Item,6673,Immortal Shieldbow,-0.2043,6921
16.10,2nd Item,6676,The Collector,-1.8954,14959
16.10,2nd Item,6695,Serpent's Fang,-5.2189,394
16.10,2nd Item,6697,Hubris,-4.0044,969
16.10,3rd Item,2517,Endless Hunger,-2.5749,1180
16.10,3rd Item,3026,Guardian Angel,-0.6155,153
16.10,3rd Item,3031,Infinity Edge,-1.1716,17043
16.10,3rd Item,3033,Mortal Reminder,0.2595,10507
16.10,3rd Item,3036,Lord Dominik's Regards,1.0101,49705
16.10,3rd Item,3072,Bloodthirster,-1.7521,4945
16.10,3rd Item,3139,Mercurial Scimitar,-0.9659,496
16.10,3rd Item,3156,Maw of Malmortius,0.6611,691
16.10,3rd Item,6333,Death's Dance,0.8379,230
16.10,3rd Item,6673,Immortal Shieldbow,-0.69,22566
16.10,3rd Item,6676,The Collector,-1.6267,501
16.10,3rd Item,6695,Serpent's Fang,-6.0123,397
16.10,3rd Item,6697,Hubris,-6.1496,169
16.10,4th+ Item,2504,Kaenic Rookern,-2.573,472
16.10,4th+ Item,2517,Endless Hunger,-1.1303,6149
16.10,4th+ Item,3026,Guardian Angel,0.7443,12025
16.10,4th+ Item,3031,Infinity Edge,-1.502,1974
16.10,4th+ Item,3033,Mortal Reminder,-0.5719,6736
16.10,4th+ Item,3036,Lord Dominik's Regards,0.4354,16058
16.10,4th+ Item,3065,Spirit Visage,-1.1474,550
16.10,4th+ Item,3072,Bloodthirster,-0.4979,22186
16.10,4th+ Item,3139,Mercurial Scimitar,-1.0103,3987
16.10,4th+ Item,3143,Randuin's Omen,0.2359,846
16.10,4th+ Item,3156,Maw of Malmortius,-0.4446,1523
16.10,4th+ Item,3814,Edge of Night,-4.346,137
16.10,4th+ Item,6333,Death's Dance,-1.0443,1664
16.10,4th+ Item,6665,"Jak'Sho, The Protean",-4.408,398
16.10,4th+ Item,6673,Immortal Shieldbow,0.6562,33365
16.10,4th+ Item,6676,The Collector,4.0289,163
16.10,4th+ Item,6695,Serpent's Fang,-2.9791,656
16.10,4th+ Item,6697,Hubris,-3.3113,259
16.10,All Items,2504,Kaenic Rookern,-2.7463,549
16.10,All Items,2517,Endless Hunger,-1.4301,7998
16.10,All Items,2523,Hexoptics C44,-0.8485,141
16.10,All Items,3026,Guardian Angel,0.7368,12807
16.10,All Items,3031,Infinity Edge,0.1813,126767
16.10,All Items,3033,Mortal Reminder,0.0035,18324
16.10,All Items,3036,Lord Dominik's Regards,0.8513,67932
16.10,All Items,3065,Spirit Visage,-1.4733,625
16.10,All Items,3072,Bloodthirster,-1.0253,31480
16.10,All Items,3097,Stormrazor,-0.7919,118
16.10,All Items,3139,Mercurial Scimitar,-1.0196,4874
16.10,All Items,3143,Randuin's Omen,-0.7169,982
16.10,All Items,3156,Maw of Malmortius,-0.3536,2414
16.10,All Items,3508,Essence Reaver,-2.2152,159
16.10,All Items,3814,Edge of Night,-1.9352,220
16.10,All Items,4401,Force of Nature,0.9194,101
16.10,All Items,6333,Death's Dance,-1.0764,2089
16.10,All Items,6665,"Jak'Sho, The Protean",-4.07,463
16.10,All Items,6673,Immortal Shieldbow,0.0694,63329
16.10,All Items,6676,The Collector,0.1652,141770
16.10,All Items,6695,Serpent's Fang,-4.0007,1788
16.10,All Items,6697,Hubris,-3.3817,15302
16.10,All Items,6699,Voltaic Cyclosword,-2.7079,181
16.11,Keystone,8010,Conqueror,0.0713,132410
16.11,Keystone,8005,Press the Attack,-0.8054,227
16.11,Keystone,8008,Lethal Tempo,-8.998,254
16.11,Keystone,8128,Dark Harvest,-8.6974,253
16.11,Keystone,8112,Electrocute,-5.8512,263
16.11,Spell,1,Cleanse,0.3932,8382
16.11,Spell,3,Exhaust,0.7785,10006
16.11,Spell,4,Flash,0.0005,133713
16.11,Spell,6,Ghost,6.0519,305
16.11,Spell,7,Heal,-6.0343,475
16.11,Spell,14,Ignite,-1.2754,769
16.11,Spell,21,Barrier,-0.0872,113755
16.11,Starter,1036,Long Sword,-0.3285,635
16.11,Starter,1054,Doran's Shield,-7.6148,152
16.11,Starter,1055,Doran's Blade,-0.0082,130318
16.11,Starter,1083,Cull,-1.3261,177
16.11,Starter,1086,Doran's Bow,1.5807,1933
16.11,Starter,1120,Doran's Helm,-0.9327,399
16.11,Boots,3006,Berserker's Greaves,-2.0389,1241
16.11,Boots,3008,Gluttonous Greaves,0.1732,57489
16.11,Boots,3009,Boots of Swiftness,0.4633,1101
16.11,Boots,3047,Plated Steelcaps,-0.3305,44384
16.11,Boots,3111,Mercury's Treads,-0.1757,19331
16.11,1st Item,3031,Infinity Edge,-1.6663,1470
16.11,1st Item,3072,Bloodthirster,-4.3362,1353
16.11,1st Item,6673,Immortal Shieldbow,-1.4433,329
16.11,1st Item,6676,The Collector,0.3737,116340
16.11,1st Item,6695,Serpent's Fang,-0.6841,245
16.11,1st Item,6697,Hubris,-2.6216,13276
16.11,2nd Item,2517,Endless Hunger,-2.8606,178
16.11,2nd Item,3031,Infinity Edge,0.3746,97459
16.11,2nd Item,3033,Mortal Reminder,1.4242,996
16.11,2nd Item,3036,Lord Dominik's Regards,0.3342,2014
16.11,2nd Item,3072,Bloodthirster,-3.032,2059
16.11,2nd Item,3139,Mercurial Scimitar,-7.3409,102
16.11,2nd Item,3156,Maw of Malmortius,-8.5446,118
16.11,2nd Item,6673,Immortal Shieldbow,-0.3946,5994
16.11,2nd Item,6676,The Collector,-1.8047,13758
16.11,2nd Item,6695,Serpent's Fang,-0.6055,345
16.11,2nd Item,6697,Hubris,-2.6566,771
16.11,3rd Item,2517,Endless Hunger,-3.4269,720
16.11,3rd Item,3026,Guardian Angel,-3.5448,154
16.11,3rd Item,3031,Infinity Edge,-1.4683,14971
16.11,3rd Item,3033,Mortal Reminder,0.753,9874
16.11,3rd Item,3036,Lord Dominik's Regards,0.7513,46429
16.11,3rd Item,3072,Bloodthirster,-2.6116,4156
16.11,3rd Item,3139,Mercurial Scimitar,-1.1155,428
16.11,3rd Item,3156,Maw of Malmortius,0.7016,646
16.11,3rd Item,6333,Death's Dance,2.5605,171
16.11,3rd Item,6673,Immortal Shieldbow,-0.2312,20576
16.11,3rd Item,6676,The Collector,-0.1778,435
16.11,3rd Item,6695,Serpent's Fang,-3.219,342
16.11,3rd Item,6697,Hubris,-3.8989,138
16.11,4th+ Item,2504,Kaenic Rookern,-2.6723,412
16.11,4th+ Item,2517,Endless Hunger,-2.3532,4914
16.11,4th+ Item,3026,Guardian Angel,1.7852,10534
16.11,4th+ Item,3031,Infinity Edge,-0.7354,2191
16.11,4th+ Item,3033,Mortal Reminder,-0.6649,5823
16.11,4th+ Item,3036,Lord Dominik's Regards,0.5686,14049
16.11,4th+ Item,3065,Spirit Visage,-2.0637,458
16.11,4th+ Item,3072,Bloodthirster,-0.5978,19677
16.11,4th+ Item,3139,Mercurial Scimitar,-0.0837,3598
16.11,4th+ Item,3143,Randuin's Omen,-3.0829,686
16.11,4th+ Item,3156,Maw of Malmortius,-0.2193,1350
16.11,4th+ Item,3814,Edge of Night,6.9418,131
16.11,4th+ Item,6333,Death's Dance,-1.5323,1524
16.11,4th+ Item,6665,"Jak'Sho, The Protean",-0.9398,319
16.11,4th+ Item,6673,Immortal Shieldbow,0.448,29822
16.11,4th+ Item,6676,The Collector,1.0793,130
16.11,4th+ Item,6695,Serpent's Fang,-2.6349,492
16.11,4th+ Item,6697,Hubris,-8.2102,243
16.11,All Items,2504,Kaenic Rookern,-2.5882,479
16.11,All Items,2517,Endless Hunger,-2.3905,6185
16.11,All Items,2523,Hexoptics C44,-0.387,113
16.11,All Items,3026,Guardian Angel,1.6304,11178
16.11,All Items,3031,Infinity Edge,0.09,116098
16.11,All Items,3033,Mortal Reminder,0.2826,16771
16.11,All Items,3036,Lord Dominik's Regards,0.71,62630
16.11,All Items,3065,Spirit Visage,-2.023,509
16.11,All Items,3072,Bloodthirster,-1.2296,27509
16.11,All Items,3097,Stormrazor,-1.6216,125
16.11,All Items,3139,Mercurial Scimitar,-0.2896,4365
16.11,All Items,3143,Randuin's Omen,-2.7783,815
16.11,All Items,3156,Maw of Malmortius,-0.323,2184
16.11,All Items,3508,Essence Reaver,-5.6925,150
16.11,All Items,3814,Edge of Night,7.8371,192
16.11,All Items,6333,Death's Dance,-1.3046,1856
16.11,All Items,6665,"Jak'Sho, The Protean",-1.9381,377
16.11,All Items,6673,Immortal Shieldbow,0.1037,56815
16.11,All Items,6676,The Collector,0.144,130669
16.11,All Items,6695,Serpent's Fang,-2.0535,1435
16.11,All Items,6697,Hubris,-2.7191,14444
16.12,Keystone,8010,Conqueror,0.0744,130504
16.12,Keystone,8005,Press the Attack,-5.3479,142
16.12,Keystone,8008,Lethal Tempo,-11.5874,251
16.12,Keystone,8128,Dark Harvest,-5.8596,232
16.12,Keystone,8112,Electrocute,-0.8982,173
16.12,Spell,1,Cleanse,-0.6463,7753
16.12,Spell,3,Exhaust,1.1535,9991
16.12,Spell,4,Flash,0.0025,131655
16.12,Spell,6,Ghost,-2.0905,315
16.12,Spell,7,Heal,-1.1297,499
16.12,Spell,14,Ignite,-3.8978,729
16.12,Spell,21,Barrier,-0.0158,112344
16.12,Starter,1036,Long Sword,-0.0628,709
16.12,Starter,1054,Doran's Shield,-8.371,151
16.12,Starter,1055,Doran's Blade,0.0256,126414
16.12,Starter,1083,Cull,-4.4939,119
16.12,Starter,1086,Doran's Bow,-1.2257,2180
16.12,Starter,1120,Doran's Helm,0.6209,1992
16.12,Boots,3006,Berserker's Greaves,-1.8659,1204
16.12,Boots,3008,Gluttonous Greaves,0.2916,56207
16.12,Boots,3009,Boots of Swiftness,1.1935,1196
16.12,Boots,3047,Plated Steelcaps,-0.4508,43213
16.12,Boots,3111,Mercury's Treads,-0.4669,19709
16.12,1st Item,3031,Infinity Edge,-0.0164,1417
16.12,1st Item,3072,Bloodthirster,-2.8238,1279
16.12,1st Item,6673,Immortal Shieldbow,2.6655,265
16.12,1st Item,6676,The Collector,0.3649,114788
16.12,1st Item,6695,Serpent's Fang,-0.5274,225
16.12,1st Item,6697,Hubris,-3.0213,12896
16.12,2nd Item,2517,Endless Hunger,1.9398,164
16.12,2nd Item,3031,Infinity Edge,0.3944,95400
16.12,2nd Item,3033,Mortal Reminder,-0.1745,1098
16.12,2nd Item,3036,Lord Dominik's Regards,-0.5013,1967
16.12,2nd Item,3072,Bloodthirster,-3.9331,2206
16.12,2nd Item,3156,Maw of Malmortius,0.4852,153
16.12,2nd Item,6673,Immortal Shieldbow,-0.1799,6175
16.12,2nd Item,6676,The Collector,-1.6393,13471
16.12,2nd Item,6695,Serpent's Fang,-1.1101,322
16.12,2nd Item,6697,Hubris,-3.7822,789
16.12,3rd Item,2517,Endless Hunger,-4.2744,636
16.12,3rd Item,3026,Guardian Angel,-3.5592,185
16.12,3rd Item,3031,Infinity Edge,-1.0921,14747
16.12,3rd Item,3033,Mortal Reminder,0.0481,10176
16.12,3rd Item,3036,Lord Dominik's Regards,0.964,45142
16.12,3rd Item,3072,Bloodthirster,-2.6767,3852
16.12,3rd Item,3139,Mercurial Scimitar,-1.4909,441
16.12,3rd Item,3156,Maw of Malmortius,-1.5772,674
16.12,3rd Item,6333,Death's Dance,-4.1796,174
16.12,3rd Item,6673,Immortal Shieldbow,-0.6335,20397
16.12,3rd Item,6676,The Collector,3.9142,371
16.12,3rd Item,6695,Serpent's Fang,-0.4292,334
16.12,3rd Item,6697,Hubris,4.2041,122
16.12,4th+ Item,2504,Kaenic Rookern,-0.2351,444
16.12,4th+ Item,2517,Endless Hunger,-1.7501,4650
16.12,4th+ Item,3026,Guardian Angel,1.2796,10616
16.12,4th+ Item,3031,Infinity Edge,-1.237,2316
16.12,4th+ Item,3033,Mortal Reminder,-0.3685,5814
16.12,4th+ Item,3036,Lord Dominik's Regards,0.5917,13942
16.12,4th+ Item,3065,Spirit Visage,0.6462,449
16.12,4th+ Item,3072,Bloodthirster,-0.8041,19593
16.12,4th+ Item,3139,Mercurial Scimitar,-1.2543,3557
16.12,4th+ Item,3143,Randuin's Omen,-0.3858,730
16.12,4th+ Item,3156,Maw of Malmortius,-0.1096,1392
16.12,4th+ Item,6333,Death's Dance,0.1208,1495
16.12,4th+ Item,6665,"Jak'Sho, The Protean",-4.1697,324
16.12,4th+ Item,6673,Immortal Shieldbow,0.5991,28780
16.12,4th+ Item,6695,Serpent's Fang,-2.02,497
16.12,4th+ Item,6697,Hubris,-4.7996,205
16.12,All Items,2504,Kaenic Rookern,-0.7825,519
16.12,All Items,2517,Endless Hunger,-1.905,5778
16.12,All Items,2523,Hexoptics C44,-0.4767,114
16.12,All Items,3026,Guardian Angel,1.2766,11296
16.12,All Items,3031,Infinity Edge,0.1628,113884
16.12,All Items,3033,Mortal Reminder,-0.1362,17150
16.12,All Items,3036,Lord Dominik's Regards,0.8229,61217
16.12,All Items,3065,Spirit Visage,0.6815,519
16.12,All Items,3072,Bloodthirster,-1.4189,27164
16.12,All Items,3097,Stormrazor,5.3924,127
16.12,All Items,3139,Mercurial Scimitar,-1.1384,4333
16.12,All Items,3143,Randuin's Omen,-0.2848,850
16.12,All Items,3156,Maw of Malmortius,-0.3733,2291
16.12,All Items,3508,Essence Reaver,0.57,182
16.12,All Items,3814,Edge of Night,4.9386,145
16.12,All Items,6333,Death's Dance,-0.2575,1844
16.12,All Items,6665,"Jak'Sho, The Protean",-3.9966,394
16.12,All Items,6673,Immortal Shieldbow,0.0708,55720
16.12,All Items,6676,The Collector,0.1611,128741
16.12,All Items,6695,Serpent's Fang,-1.2279,1396
16.12,All Items,6697,Hubris,-3.0149,14030
16.13,Keystone,8010,Conqueror,0.0582,199223
16.13,Keystone,9923,Hail of Blades,1.1058,207
16.13,Keystone,8005,Press the Attack,-7.5825,286
16.13,Keystone,8008,Lethal Tempo,-5.5841,358
16.13,Keystone,8992,Deathfire Touch,-4.0446,130
16.13,Keystone,8128,Dark Harvest,-3.7496,737
16.13,Keystone,8112,Electrocute,-6.6602,254
16.13,Spell,1,Cleanse,0.0909,11370
16.13,Spell,3,Exhaust,0.5872,15522
16.13,Spell,4,Flash,0.0019,201471
16.13,Spell,6,Ghost,-0.1108,585
16.13,Spell,7,Heal,-2.9766,870
16.13,Spell,12,Teleport,-7.5074,133
16.13,Spell,14,Ignite,0.0787,1126
16.13,Spell,21,Barrier,-0.0406,171913
16.13,Starter,1036,Long Sword,0.7095,1069
16.13,Starter,1054,Doran's Shield,-6.6383,291
16.13,Starter,1055,Doran's Blade,-0.0085,193881
16.13,Starter,1083,Cull,-6.8273,200
16.13,Starter,1086,Doran's Bow,1.2056,3456
16.13,Starter,1120,Doran's Helm,0.0172,2440
16.13,Boots,3006,Berserker's Greaves,-2.2265,2027
16.13,Boots,3008,Gluttonous Greaves,0.2721,85613
16.13,Boots,3009,Boots of Swiftness,-2.2283,2037
16.13,Boots,3047,Plated Steelcaps,-0.1289,63861
16.13,Boots,3111,Mercury's Treads,-0.527,31983
16.13,Boots,3158,Ionian Boots of Lucidity,0.6751,120
16.13,1st Item,3031,Infinity Edge,1.1647,2029
16.13,1st Item,3072,Bloodthirster,-2.1947,2299
16.13,1st Item,6673,Immortal Shieldbow,1.4937,491
16.13,1st Item,6676,The Collector,0.3603,176308
16.13,1st Item,6695,Serpent's Fang,-4.5057,411
16.13,1st Item,6697,Hubris,-3.1575,18883
16.13,2nd Item,2517,Endless Hunger,-6.7863,222
16.13,2nd Item,3031,Infinity Edge,0.3635,146652
16.13,2nd Item,3033,Mortal Reminder,-1.0128,1531
16.13,2nd Item,3036,Lord Dominik's Regards,0.3932,3097
16.13,2nd Item,3072,Bloodthirster,-2.9546,3241
16.13,2nd Item,3139,Mercurial Scimitar,2.1385,137
16.13,2nd Item,3156,Maw of Malmortius,-0.1433,248
16.13,2nd Item,6673,Immortal Shieldbow,-0.0049,9368
16.13,2nd Item,6676,The Collector,-1.6834,19969
16.13,2nd Item,6695,Serpent's Fang,-3.8413,510
16.13,2nd Item,6697,Hubris,-4.6184,1203
16.13,3rd Item,2517,Endless Hunger,-3.6501,1035
16.13,3rd Item,3026,Guardian Angel,-3.0324,189
16.13,3rd Item,3031,Infinity Edge,-1.1681,21784
16.13,3rd Item,3033,Mortal Reminder,-0.0921,14910
16.13,3rd Item,3036,Lord Dominik's Regards,0.7321,69491
16.13,3rd Item,3072,Bloodthirster,-1.6092,6003
16.13,3rd Item,3139,Mercurial Scimitar,-3.0441,624
16.13,3rd Item,3156,Maw of Malmortius,1.6838,1157
16.13,3rd Item,6333,Death's Dance,-0.3634,288
16.13,3rd Item,6673,Immortal Shieldbow,-0.2516,31830
16.13,3rd Item,6676,The Collector,-0.7333,550
16.13,3rd Item,6695,Serpent's Fang,-0.5257,513
16.13,3rd Item,6697,Hubris,-3.2079,210
16.13,4th+ Item,2504,Kaenic Rookern,-0.7102,758
16.13,4th+ Item,2517,Endless Hunger,-1.6896,6950
16.13,4th+ Item,3026,Guardian Angel,0.906,16508
16.13,4th+ Item,3031,Infinity Edge,-1.4236,3422
16.13,4th+ Item,3033,Mortal Reminder,-0.8702,8907
16.13,4th+ Item,3036,Lord Dominik's Regards,0.8666,21206
16.13,4th+ Item,3065,Spirit Visage,1.8826,790
16.13,4th+ Item,3072,Bloodthirster,-0.5898,29365
16.13,4th+ Item,3097,Stormrazor,-5.8822,119
16.13,4th+ Item,3139,Mercurial Scimitar,-1.399,5428
16.13,4th+ Item,3143,Randuin's Omen,-2.344,1155
16.13,4th+ Item,3156,Maw of Malmortius,-0.8538,2394
16.13,4th+ Item,3508,Essence Reaver,-1.5585,109
16.13,4th+ Item,3814,Edge of Night,2.7883,174
16.13,4th+ Item,4401,Force of Nature,3.9383,116
16.13,4th+ Item,6333,Death's Dance,-0.6488,2325
16.13,4th+ Item,6665,"Jak'Sho, The Protean",-1.6284,535
16.13,4th+ Item,6673,Immortal Shieldbow,0.6257,43904
16.13,4th+ Item,6676,The Collector,-4.3655,187
16.13,4th+ Item,6695,Serpent's Fang,-1.0526,746
16.13,4th+ Item,6697,Hubris,-3.627,336
16.13,All Items,2504,Kaenic Rookern,-0.432,904
16.13,All Items,2517,Endless Hunger,-1.9056,8750
16.13,All Items,2523,Hexoptics C44,-4.1218,186
16.13,All Items,3026,Guardian Angel,0.8853,17468
16.13,All Items,3031,Infinity Edge,0.1443,173903
16.13,All Items,3033,Mortal Reminder,-0.4112,25462
16.13,All Items,3036,Lord Dominik's Regards,0.7498,93958
16.13,All Items,3065,Spirit Visage,1.6284,886
16.13,All Items,3072,Bloodthirster,-1.0303,41300
16.13,All Items,3097,Stormrazor,-4.1194,203
16.13,All Items,3139,Mercurial Scimitar,-1.4456,6531
16.13,All Items,3143,Randuin's Omen,-1.3909,1339
16.13,All Items,3156,Maw of Malmortius,0.0193,3934
16.13,All Items,3508,Essence Reaver,0.2624,234
16.13,All Items,3814,Edge of Night,2.2959,263
16.13,All Items,4401,Force of Nature,2.4882,140
16.13,All Items,6333,Death's Dance,-0.5612,2895
16.13,All Items,6609,Chempunk Chainsword,-4.6439,104
16.13,All Items,6665,"Jak'Sho, The Protean",-0.9476,630
16.13,All Items,6673,Immortal Shieldbow,0.2367,85758
16.13,All Items,6676,The Collector,0.1451,197024
16.13,All Items,6695,Serpent's Fang,-2.3923,2205
16.13,All Items,6697,Hubris,-3.253,20673
16.14,Keystone,8230,Stormraider's Surge,7.0461,107
16.14,Keystone,8010,Conqueror,0.0428,110726
16.14,Keystone,9923,Hail of Blades,-4.8283,118
16.14,Keystone,8005,Press the Attack,-8.3084,154
16.14,Keystone,8008,Lethal Tempo,-4.8945,192
16.14,Keystone,8128,Dark Harvest,-1.4234,534
16.14,Keystone,8112,Electrocute,-2.6457,180
16.14,Spell,1,Cleanse,0.1776,6422
16.14,Spell,3,Exhaust,1.3627,9132
16.14,Spell,4,Flash,0.0024,112212
16.14,Spell,6,Ghost,-0.8084,233
16.14,Spell,7,Heal,0.0808,521
16.14,Spell,12,Teleport,-9.0648,127
16.14,Spell,14,Ignite,-3.4494,641
16.14,Spell,21,Barrier,-0.1087,95170
16.14,Starter,1036,Long Sword,-3.5806,479
16.14,Starter,1054,Doran's Shield,-8.904,176
16.14,Starter,1055,Doran's Blade,0.0053,107517
16.14,Starter,1086,Doran's Bow,1.7466,3028
16.14,Starter,1120,Doran's Helm,-2.2267,846
16.14,Boots,3006,Berserker's Greaves,-2.1361,1222
16.14,Boots,3008,Gluttonous Greaves,0.3152,46920
16.14,Boots,3009,Boots of Swiftness,-0.6159,1001
16.14,Boots,3047,Plated Steelcaps,-0.3457,34735
16.14,Boots,3111,Mercury's Treads,0.0845,19629
16.14,1st Item,3031,Infinity Edge,-0.3701,1031
16.14,1st Item,3072,Bloodthirster,-1.5564,1281
16.14,1st Item,6673,Immortal Shieldbow,0.0116,238
16.14,1st Item,6676,The Collector,0.3475,97832
16.14,1st Item,6695,Serpent's Fang,-2.0396,249
16.14,1st Item,6697,Hubris,-2.8117,10905
16.14,2nd Item,2517,Endless Hunger,-3.0631,111
16.14,2nd Item,3031,Infinity Edge,0.2981,80850
16.14,2nd Item,3033,Mortal Reminder,0.5763,855
16.14,2nd Item,3036,Lord Dominik's Regards,0.9819,1790
16.14,2nd Item,3072,Bloodthirster,-2.046,1968
16.14,2nd Item,3156,Maw of Malmortius,-2.7775,208
16.14,2nd Item,6673,Immortal Shieldbow,-0.2168,5632
16.14,2nd Item,6676,The Collector,-1.3407,11323
16.14,2nd Item,6695,Serpent's Fang,-3.666,277
16.14,2nd Item,6697,Hubris,-2.2597,757
16.14,3rd Item,2517,Endless Hunger,-6.2696,547
16.14,3rd Item,3026,Guardian Angel,-2.0686,140
16.14,3rd Item,3031,Infinity Edge,-1.0835,12694
16.14,3rd Item,3033,Mortal Reminder,0.7898,8074
16.14,3rd Item,3036,Lord Dominik's Regards,0.564,39184
16.14,3rd Item,3072,Bloodthirster,-2.9256,3432
16.14,3rd Item,3139,Mercurial Scimitar,-4.0576,369
16.14,3rd Item,3156,Maw of Malmortius,-0.4664,708
16.14,3rd Item,6333,Death's Dance,-2.3077,167
16.14,3rd Item,6673,Immortal Shieldbow,0.2308,16772
16.14,3rd Item,6676,The Collector,-2.2936,353
16.14,3rd Item,6695,Serpent's Fang,-1.9092,317
16.14,3rd Item,6697,Hubris,-0.8321,120
16.14,4th+ Item,2504,Kaenic Rookern,0.4129,482
16.14,4th+ Item,2517,Endless Hunger,-1.426,3807
16.14,4th+ Item,3026,Guardian Angel,1.1398,8894
16.14,4th+ Item,3031,Infinity Edge,-0.4556,2136
16.14,4th+ Item,3033,Mortal Reminder,-0.4282,4910
16.14,4th+ Item,3036,Lord Dominik's Regards,0.7705,11910
16.14,4th+ Item,3065,Spirit Visage,-1.0888,492
16.14,4th+ Item,3072,Bloodthirster,-1.1249,16382
16.14,4th+ Item,3139,Mercurial Scimitar,-0.4716,3093
16.14,4th+ Item,3143,Randuin's Omen,-0.6017,614
16.14,4th+ Item,3156,Maw of Malmortius,0.0156,1470
16.14,4th+ Item,6333,Death's Dance,-0.1828,1453
16.14,4th+ Item,6665,"Jak'Sho, The Protean",-2.3011,334
16.14,4th+ Item,6673,Immortal Shieldbow,0.5151,24309
16.14,4th+ Item,6695,Serpent's Fang,-3.0209,473
16.14,4th+ Item,6697,Hubris,-1.1791,174
16.14,All Items,2504,Kaenic Rookern,-0.0217,565
16.14,All Items,2517,Endless Hunger,-2.0108,4779
16.14,All Items,3026,Guardian Angel,0.99,9475
16.14,All Items,3031,Infinity Edge,0.0919,96718
16.14,All Items,3033,Mortal Reminder,0.3886,13911
16.14,All Items,3036,Lord Dominik's Regards,0.6246,53000
16.14,All Items,3065,Spirit Visage,-1.1406,553
16.14,All Items,3072,Bloodthirster,-1.4693,23294
16.14,All Items,3097,Stormrazor,4.9153,104
16.14,All Items,3139,Mercurial Scimitar,-1.2073,3750
16.14,All Items,3143,Randuin's Omen,-0.5673,717
16.14,All Items,3156,Maw of Malmortius,-0.2388,2492
16.14,All Items,3508,Essence Reaver,1.3048,152
16.14,All Items,3814,Edge of Night,1.8772,129
16.14,All Items,6333,Death's Dance,-0.4158,1785
16.14,All Items,6665,"Jak'Sho, The Protean",-1.4303,397
16.14,All Items,6673,Immortal Shieldbow,0.3226,47058
16.14,All Items,6676,The Collector,0.1637,109595
16.14,All Items,6695,Serpent's Fang,-2.7804,1329
16.14,All Items,6697,Hubris,-2.741,11971
16.15,Keystone,8010,Conqueror,0.077,114127
16.15,Keystone,9923,Hail of Blades,-10.663,103
16.15,Keystone,8005,Press the Attack,-7.3529,167
16.15,Keystone,8008,Lethal Tempo,-8.2707,186
16.15,Keystone,8128,Dark Harvest,-4.0515,376
16.15,Keystone,8112,Electrocute,-4.3491,109
16.15,Spell,1,Cleanse,0.5172,6334
16.15,Spell,3,Exhaust,-0.0111,9268
16.15,Spell,4,Flash,0.0019,115376
16.15,Spell,6,Ghost,-2.859,269
16.15,Spell,7,Heal,-1.3577,534
16.15,Spell,12,Teleport,-1.8115,120
16.15,Spell,14,Ignite,-0.4855,664
16.15,Spell,21,Barrier,-0.0139,98225
16.15,Starter,1036,Long Sword,-0.3467,621
16.15,Starter,1054,Doran's Shield,-13.5949,184
16.15,Starter,1055,Doran's Blade,0.032,109886
16.15,Starter,1083,Cull,-4.4176,116
16.15,Starter,1086,Doran's Bow,-0.208,3740
16.15,Starter,1120,Doran's Helm,0.5976,768
16.15,Boots,3006,Berserker's Greaves,-2.3134,1196
16.15,Boots,3008,Gluttonous Greaves,0.0358,48259
16.15,Boots,3009,Boots of Swiftness,-1.2924,987
16.15,Boots,3047,Plated Steelcaps,-0.215,35224
16.15,Boots,3111,Mercury's Treads,-0.1631,20530
16.15,1st Item,3031,Infinity Edge,-0.0167,925
16.15,1st Item,3072,Bloodthirster,-3.6666,1374
16.15,1st Item,6673,Immortal Shieldbow,-3.5516,246
16.15,1st Item,6676,The Collector,0.3887,100217
16.15,1st Item,6695,Serpent's Fang,-3.3734,246
16.15,1st Item,6697,Hubris,-2.6897,11641
16.15,2nd Item,2517,Endless Hunger,-5.9436,114
16.15,2nd Item,3031,Infinity Edge,0.3317,82710
16.15,2nd Item,3033,Mortal Reminder,0.7851,843
16.15,2nd Item,3036,Lord Dominik's Regards,1.1686,1837
16.15,2nd Item,3072,Bloodthirster,-2.1331,1945
16.15,2nd Item,3139,Mercurial Scimitar,-4.9772,113
16.15,2nd Item,3156,Maw of Malmortius,4.1233,217
16.15,2nd Item,6673,Immortal Shieldbow,-0.4222,5984
16.15,2nd Item,6676,The Collector,-1.5302,12116
16.15,2nd Item,6695,Serpent's Fang,-4.9123,296
16.15,2nd Item,6697,Hubris,-2.0308,798
16.15,3rd Item,2517,Endless Hunger,-2.8506,498
16.15,3rd Item,3026,Guardian Angel,2.2464,129
16.15,3rd Item,3031,Infinity Edge,-1.224,13494
16.15,3rd Item,3033,Mortal Reminder,0.2425,7763
16.15,3rd Item,3036,Lord Dominik's Regards,0.9153,40314
16.15,3rd Item,3072,Bloodthirster,-3.014,3660
16.15,3rd Item,3139,Mercurial Scimitar,-2.5843,389
16.15,3rd Item,3156,Maw of Malmortius,-1.2617,692
16.15,3rd Item,6333,Death's Dance,-0.3429,198
16.15,3rd Item,6673,Immortal Shieldbow,-0.3438,17867
16.15,3rd Item,6676,The Collector,-1.0761,291
16.15,3rd Item,6695,Serpent's Fang,-5.356,297
16.15,3rd Item,6697,Hubris,0.5199,129
16.15,4th+ Item,2504,Kaenic Rookern,-5.9426,492
16.15,4th+ Item,2517,Endless Hunger,-2.0872,3942
16.15,4th+ Item,3026,Guardian Angel,1.0752,9532
16.15,4th+ Item,3031,Infinity Edge,-0.1422,2151
16.15,4th+ Item,3033,Mortal Reminder,-0.2307,4854
16.15,4th+ Item,3036,Lord Dominik's Regards,0.6671,12573
16.15,4th+ Item,3065,Spirit Visage,0.4686,478
16.15,4th+ Item,3072,Bloodthirster,-0.6754,16664
16.15,4th+ Item,3139,Mercurial Scimitar,-1.0851,3124
16.15,4th+ Item,3143,Randuin's Omen,-0.8618,592
16.15,4th+ Item,3156,Maw of Malmortius,0.2707,1415
16.15,4th+ Item,3814,Edge of Night,-7.3038,110
16.15,4th+ Item,6333,Death's Dance,-1.8643,1507
16.15,4th+ Item,6665,"Jak'Sho, The Protean",-2.865,323
16.15,4th+ Item,6673,Immortal Shieldbow,0.5769,25205
16.15,4th+ Item,6676,The Collector,-0.5779,113
16.15,4th+ Item,6695,Serpent's Fang,0.4924,440
16.15,4th+ Item,6697,Hubris,-4.9447,158
16.15,All Items,2504,Kaenic Rookern,-5.2375,613
16.15,All Items,2517,Endless Hunger,-2.1764,4875
16.15,All Items,3026,Guardian Angel,1.1327,10116
16.15,All Items,3031,Infinity Edge,0.1057,99288
16.15,All Items,3033,Mortal Reminder,0.1146,13529
16.15,All Items,3036,Lord Dominik's Regards,0.8661,54821
16.15,All Items,3065,Spirit Visage,-0.198,541
16.15,All Items,3072,Bloodthirster,-1.3095,23877
16.15,All Items,3139,Mercurial Scimitar,-1.2901,3842
16.15,All Items,3143,Randuin's Omen,-0.638,687
16.15,All Items,3156,Maw of Malmortius,0.1952,2433
16.15,All Items,3508,Essence Reaver,-0.8456,137
16.15,All Items,3814,Edge of Night,-5.7865,150
16.15,All Items,6333,Death's Dance,-1.6252,1856
16.15,All Items,6665,"Jak'Sho, The Protean",-2.9172,399
16.15,All Items,6673,Immortal Shieldbow,0.0942,49390
16.15,All Items,6676,The Collector,0.1784,112741
16.15,All Items,6695,Serpent's Fang,-2.8692,1288
16.15,All Items,6697,Hubris,-2.6418,12738
16.16,Keystone,8010,Conqueror,0.0318,46404
16.16,Keystone,8128,Dark Harvest,0.8153,195
16.16,Spell,1,Cleanse,-1.1821,2880
16.16,Spell,3,Exhaust,-0.4806,3939
16.16,Spell,4,Flash,0.0028,46943
16.16,Spell,6,Ghost,-0.547,231
16.16,Spell,7,Heal,-4.0381,190
16.16,Spell,14,Ignite,-5.5982,288
16.16,Spell,21,Barrier,0.1882,39389
16.16,Starter,1036,Long Sword,-2.7992,187
16.16,Starter,1055,Doran's Blade,-0.0627,44601
16.16,Starter,1086,Doran's Bow,2.9385,1756
16.16,Starter,1120,Doran's Helm,-5.2862,246
16.16,Boots,3006,Berserker's Greaves,-2.6045,459
16.16,Boots,3008,Gluttonous Greaves,0.4404,19603
16.16,Boots,3009,Boots of Swiftness,1.4573,336
16.16,Boots,3047,Plated Steelcaps,-0.3077,14946
16.16,Boots,3111,Mercury's Treads,-0.534,7716
16.16,1st Item,3031,Infinity Edge,1.4293,437
16.16,1st Item,3072,Bloodthirster,0.0713,489
16.16,1st Item,6676,The Collector,0.3679,40960
16.16,1st Item,6697,Hubris,-3.3743,4604
16.16,2nd Item,3031,Infinity Edge,0.4124,33733
16.16,2nd Item,3033,Mortal Reminder,-4.3178,328
16.16,2nd Item,3036,Lord Dominik's Regards,-0.535,744
16.16,2nd Item,3072,Bloodthirster,-4.1107,684
16.16,2nd Item,6673,Immortal Shieldbow,0.1201,2475
16.16,2nd Item,6676,The Collector,-1.6872,4843
16.16,2nd Item,6695,Serpent's Fang,-3.9598,154
16.16,2nd Item,6697,Hubris,-2.0556,296
16.16,3rd Item,2517,Endless Hunger,-1.2394,164
16.16,3rd Item,3031,Infinity Edge,-1.8726,5407
16.16,3rd Item,3033,Mortal Reminder,1.1503,2981
16.16,3rd Item,3036,Lord Dominik's Regards,0.6571,16515
16.16,3rd Item,3072,Bloodthirster,-0.9468,1158
16.16,3rd Item,3139,Mercurial Scimitar,-2.6606,147
16.16,3rd Item,3156,Maw of Malmortius,-0.5804,251
16.16,3rd Item,6673,Immortal Shieldbow,-0.2547,7384
16.16,3rd Item,6676,The Collector,2.037,133
16.16,3rd Item,6695,Serpent's Fang,0.7613,132
16.16,4th+ Item,2504,Kaenic Rookern,0.2097,175
16.16,4th+ Item,2517,Endless Hunger,-1.6496,1410
16.16,4th+ Item,3026,Guardian Angel,0.2994,3772
16.16,4th+ Item,3031,Infinity Edge,0.7953,797
16.16,4th+ Item,3033,Mortal Reminder,-1.1799,1910
16.16,4th+ Item,3036,Lord Dominik's Regards,0.0253,5047
16.16,4th+ Item,3065,Spirit Visage,0.9769,174
16.16,4th+ Item,3072,Bloodthirster,-0.3052,6297
16.16,4th+ Item,3139,Mercurial Scimitar,-3.2559,1241
16.16,4th+ Item,3143,Randuin's Omen,-1.6888,256
16.16,4th+ Item,3156,Maw of Malmortius,0.6877,538
16.16,4th+ Item,6333,Death's Dance,0.6398,587
16.16,4th+ Item,6665,"Jak'Sho, The Protean",1.0012,143
16.16,4th+ Item,6673,Immortal Shieldbow,0.9071,9926
16.16,4th+ Item,6695,Serpent's Fang,0.4293,183
16.16,All Items,3026,Guardian Angel,0.377,3982
16.16,All Items,2517,Endless Hunger,-1.7612,1719
16.16,All Items,3031,Infinity Edge,0.1248,40376
16.16,All Items,3143,Randuin's Omen,-1.7027,301
16.16,All Items,6676,The Collector,0.1516,45975
16.16,All Items,6695,Serpent's Fang,-1.4839,563
16.16,All Items,6333,Death's Dance,0.7185,722
16.16,All Items,3033,Mortal Reminder,-0.0383,5232
16.16,All Items,2504,Kaenic Rookern,-0.1517,228
16.16,All Items,6697,Hubris,-3.3509,5005
16.16,All Items,3139,Mercurial Scimitar,-2.7124,1506
16.16,All Items,3072,Bloodthirster,-0.654,8711
16.16,All Items,6665,"Jak'Sho, The Protean",0.1696,169
16.16,All Items,3156,Maw of Malmortius,0.4342,873
16.16,All Items,3065,Spirit Visage,1.264,194
16.16,All Items,6673,Immortal Shieldbow,0.3612,19907
16.16,All Items,3036,Lord Dominik's Regards,0.467,22350
16.17,Keystone,8010,Conqueror,0.0515,51895
16.17,Keystone,8008,Lethal Tempo,-7.5171,122
16.17,Keystone,8128,Dark Harvest,-1.7914,156
16.17,Spell,1,Cleanse,-0.3775,3376
16.17,Spell,3,Exhaust,0.2699,5010
16.17,Spell,4,Flash,-0.0025,52458
16.17,Spell,6,Ghost,-3.3134,125
16.17,Spell,7,Heal,-7.3242,225
16.17,Spell,14,Ignite,-0.0204,283
16.17,Spell,21,Barrier,0.0543,43445
16.17,Starter,1036,Long Sword,1.8915,293
16.17,Starter,1055,Doran's Blade,-0.011,49855
16.17,Starter,1083,Cull,0.1342,107
16.17,Starter,1086,Doran's Bow,-0.0267,1849
16.17,Starter,1120,Doran's Helm,-0.2058,270
16.17,Boots,3006,Berserker's Greaves,-2.0465,596
16.17,Boots,3008,Gluttonous Greaves,0.4895,22212
16.17,Boots,3009,Boots of Swiftness,1.6143,403
16.17,Boots,3047,Plated Steelcaps,-0.8482,17022
16.17,Boots,3111,Mercury's Treads,0.1762,8183
16.17,1st Item,3031,Infinity Edge,1.3856,389
16.17,1st Item,3072,Bloodthirster,-3.6693,461
16.17,1st Item,6673,Immortal Shieldbow,-0.1335,131
16.17,1st Item,6676,The Collector,0.2957,46031
16.17,1st Item,6695,Serpent's Fang,0.0226,104
16.17,1st Item,6697,Hubris,-2.4317,5083
16.17,2nd Item,3031,Infinity Edge,0.2249,38208
16.17,2nd Item,3033,Mortal Reminder,-1.6549,379
16.17,2nd Item,3036,Lord Dominik's Regards,3.3247,890
16.17,2nd Item,3072,Bloodthirster,-1.8611,661
16.17,2nd Item,6673,Immortal Shieldbow,-0.3687,2544
16.17,2nd Item,6676,The Collector,-1.1097,5206
16.17,2nd Item,6695,Serpent's Fang,-11.5164,106
16.17,2nd Item,6697,Hubris,-3.5834,367
16.17,3rd Item,2517,Endless Hunger,-4.9297,206
16.17,3rd Item,3031,Infinity Edge,-0.6845,5666
16.17,3rd Item,3033,Mortal Reminder,-0.0363,3297
16.17,3rd Item,3036,Lord Dominik's Regards,0.94,19026
16.17,3rd Item,3072,Bloodthirster,-3.7511,1374
16.17,3rd Item,3139,Mercurial Scimitar,1.8294,172
16.17,3rd Item,3156,Maw of Malmortius,-0.0875,268
16.17,3rd Item,6673,Immortal Shieldbow,-0.8159,8026
16.17,3rd Item,6676,The Collector,-5.0217,135
16.17,3rd Item,6695,Serpent's Fang,-2.1471,161
16.17,4th+ Item,2504,Kaenic Rookern,-2.5234,177
16.17,4th+ Item,2517,Endless Hunger,-1.5283,1673
16.17,4th+ Item,3026,Guardian Angel,1.5436,4303
16.17,4th+ Item,3031,Infinity Edge,-0.4738,1012
16.17,4th+ Item,3033,Mortal Reminder,-0.3744,1939
16.17,4th+ Item,3036,Lord Dominik's Regards,0.0045,5570
16.17,4th+ Item,3065,Spirit Visage,0.7967,170
16.17,4th+ Item,3072,Bloodthirster,-0.7628,7096
16.17,4th+ Item,3139,Mercurial Scimitar,-1.0591,1429
16.17,4th+ Item,3143,Randuin's Omen,-0.7713,289
16.17,4th+ Item,3156,Maw of Malmortius,-1.4516,544
16.17,4th+ Item,6333,Death's Dance,1.029,670
16.17,4th+ Item,6665,"Jak'Sho, The Protean",-0.0847,176
16.17,4th+ Item,6673,Immortal Shieldbow,0.5155,11450
16.17,4th+ Item,6695,Serpent's Fang,1.425,183
16.17,All Items,3026,Guardian Angel,1.4719,4553
16.17,All Items,2517,Endless Hunger,-2.0261,2034
16.17,All Items,3031,Infinity Edge,0.1055,45279
16.17,All Items,3143,Randuin's Omen,-0.5743,351
16.17,All Items,6676,The Collector,0.1419,51425
16.17,All Items,6695,Serpent's Fang,-2.2935,563
16.17,All Items,6333,Death's Dance,1.174,827
16.17,All Items,2504,Kaenic Rookern,-1.0645,218
16.17,All Items,3033,Mortal Reminder,-0.2372,5645
16.17,All Items,6697,Hubris,-2.4716,5574
16.17,All Items,3139,Mercurial Scimitar,-0.5345,1729
16.17,All Items,3072,Bloodthirster,-1.3531,9695
16.17,All Items,6665,"Jak'Sho, The Protean",-1.7665,212
16.17,All Items,3156,Maw of Malmortius,-0.2202,917
16.17,All Items,3065,Spirit Visage,-0.2598,208
16.17,All Items,6673,Immortal Shieldbow,-0.0635,22192
16.17,All Items,3036,Lord Dominik's Regards,0.8191,25526
